police_district_number,year_month,total_calls,no_report_count,no_report_rate,mismatch_count,mismatch_rate,downgrade_count,downgrade_rate,total_citations,total_bias,citations_per_100_calls,bias_per_100_calls
1,2017-04-01T00:00:00Z,2393,2104,87.92310906811534,91,31.4878892733564,17,5.88235294117647,NA,3,NA,0.12536564981195153
1,2017-05-01T00:00:00Z,3200,2775,86.71875,144,33.88235294117647,28,6.588235294117648,NA,1,NA,0.03125
1,2017-06-01T00:00:00Z,3456,2951,85.38773148148148,155,30.693069306930692,21,4.1584158415841586,NA,2,NA,0.057870370370370364
1,2017-07-01T00:00:00Z,3148,2661,84.52986022871664,156,32.03285420944558,30,6.160164271047227,NA,NA,NA,NA
1,2017-08-01T00:00:00Z,3110,2593,83.37620578778136,172,33.26885880077369,37,7.156673114119923,NA,3,NA,0.09646302250803858
1,2017-09-01T00:00:00Z,2978,2558,85.89657488247146,143,34.04761904761905,30,7.142857142857142,NA,1,NA,0.0335795836131632
1,2017-10-01T00:00:00Z,3127,2633,84.20211064918452,159,32.18623481781376,44,8.906882591093117,NA,2,NA,0.06395906619763352
1,2017-11-01T00:00:00Z,2967,2487,83.82204246713853,139,28.958333333333336,27,5.625,NA,2,NA,0.06740815638692282
1,2017-12-01T00:00:00Z,2979,2539,85.22994293387043,155,35.22727272727273,34,7.727272727272727,NA,1,NA,0.033568311513930846
1,2018-01-01T00:00:00Z,2836,2426,85.54301833568407,158,38.53658536585366,38,9.268292682926829,NA,NA,NA,NA
1,2018-02-01T00:00:00Z,2519,2135,84.75585549821358,143,37.23958333333333,37,9.635416666666668,NA,2,NA,0.07939658594680428
1,2018-03-01T00:00:00Z,2915,2504,85.90051457975987,141,34.306569343065696,36,8.75912408759124,NA,3,NA,0.10291595197255575
1,2018-04-01T00:00:00Z,2723,2306,84.68600807932427,135,32.37410071942446,31,7.434052757793765,NA,NA,NA,NA
1,2018-05-01T00:00:00Z,3167,2742,86.58035996210926,153,36,46,10.823529411764705,NA,NA,NA,NA
1,2018-06-01T00:00:00Z,3069,2595,84.55522971652005,150,31.645569620253166,31,6.5400843881856545,NA,NA,NA,NA
1,2018-07-01T00:00:00Z,3155,2670,84.62757527733757,185,38.144329896907216,35,7.216494845360824,NA,1,NA,0.03169572107765452
1,2018-08-01T00:00:00Z,3081,2631,85.39435248296007,164,36.44444444444444,36,8,NA,NA,NA,NA
1,2018-09-01T00:00:00Z,3018,2564,84.95692511597083,174,38.32599118942731,37,8.149779735682818,NA,NA,NA,NA
1,2018-10-01T00:00:00Z,3225,2703,83.81395348837209,190,36.39846743295019,48,9.195402298850574,NA,1,NA,0.0310077519379845
1,2018-11-01T00:00:00Z,2800,2401,85.75,142,35.58897243107769,37,9.273182957393484,NA,1,NA,0.03571428571428571
1,2018-12-01T00:00:00Z,2894,2411,83.31029716655148,183,37.88819875776397,55,11.387163561076605,NA,NA,NA,NA
1,2019-01-01T00:00:00Z,2731,2306,84.43793482240937,159,37.411764705882355,33,7.764705882352942,NA,NA,NA,NA
1,2019-02-01T00:00:00Z,2651,2240,84.49641644662391,155,37.71289537712895,33,8.02919708029197,NA,4,NA,0.15088645794039984
1,2019-03-01T00:00:00Z,2875,2405,83.65217391304348,189,40.21276595744681,46,9.787234042553191,NA,3,NA,0.10434782608695652
1,2019-04-01T00:00:00Z,2859,2426,84.85484435117175,150,34.64203233256351,31,7.159353348729793,NA,NA,NA,NA
1,2019-05-01T00:00:00Z,3197,2724,85.2048795746012,191,40.38054968287527,53,11.20507399577167,NA,2,NA,0.06255864873318737
1,2019-06-01T00:00:00Z,2941,2478,84.2570554233254,167,36.06911447084234,40,8.639308855291576,NA,2,NA,0.06800408024481469
1,2019-07-01T00:00:00Z,3171,2649,83.53831598864711,175,33.524904214559385,37,7.088122605363985,NA,NA,NA,NA
1,2019-08-01T00:00:00Z,3047,2531,83.06531014112241,176,34.10852713178294,31,6.007751937984496,NA,1,NA,0.03281916639317361
1,2019-09-01T00:00:00Z,2857,2400,84.00420021001051,178,38.949671772428886,44,9.62800875273523,NA,1,NA,0.03500175008750438
1,2019-10-01T00:00:00Z,2962,2484,83.86225523295072,185,38.70292887029289,41,8.577405857740587,NA,NA,NA,NA
1,2019-11-01T00:00:00Z,2886,2413,83.61053361053361,167,35.30655391120507,29,6.13107822410148,NA,NA,NA,NA
1,2019-12-01T00:00:00Z,2668,2216,83.05847076461768,162,35.84070796460177,43,9.513274336283185,NA,1,NA,0.037481259370314844
1,2020-01-01T00:00:00Z,2666,2194,82.29557389347337,179,37.92372881355932,42,8.898305084745763,NA,NA,NA,NA
1,2020-02-01T00:00:00Z,2491,2066,82.93857888398234,153,36,37,8.705882352941176,NA,NA,NA,NA
1,2020-03-01T00:00:00Z,2525,2089,82.73267326732673,181,41.51376146788991,33,7.568807339449542,NA,NA,NA,NA
1,2020-04-01T00:00:00Z,2015,1747,86.69975186104219,83,30.970149253731343,21,7.835820895522389,NA,1,NA,0.04962779156327543
1,2020-05-01T00:00:00Z,2469,2006,81.24746861077358,147,31.749460043196542,43,9.287257019438446,NA,NA,NA,NA
1,2020-06-01T00:00:00Z,2525,2088,82.6930693069307,122,27.91762013729977,31,7.093821510297483,NA,1,NA,0.039603960396039604
1,2020-07-01T00:00:00Z,2573,2138,83.09366498251069,150,34.48275862068966,39,8.96551724137931,NA,NA,NA,NA
1,2020-08-01T00:00:00Z,2528,2084,82.4367088607595,138,31.08108108108108,29,6.531531531531531,NA,1,NA,0.03955696202531646
1,2020-09-01T00:00:00Z,2480,2043,82.37903225806451,146,33.40961098398169,33,7.551487414187644,NA,1,NA,0.04032258064516129
1,2020-10-01T00:00:00Z,2685,2233,83.1657355679702,161,35.61946902654867,46,10.176991150442479,NA,NA,NA,NA
1,2020-11-01T00:00:00Z,2444,2020,82.65139116202947,145,34.19811320754717,28,6.60377358490566,NA,3,NA,0.12274959083469722
1,2020-12-01T00:00:00Z,2188,1803,82.40402193784277,128,33.246753246753244,36,9.35064935064935,NA,NA,NA,NA
1,2021-01-01T00:00:00Z,2153,1759,81.6999535531816,137,34.77157360406091,27,6.852791878172589,NA,4,NA,0.18578727357176034
1,2021-02-01T00:00:00Z,1906,1549,81.26967471143757,98,27.450980392156865,27,7.563025210084033,NA,4,NA,0.2098635886673662
1,2021-03-01T00:00:00Z,2451,1983,80.90575275397796,141,30.128205128205128,27,5.769230769230769,NA,1,NA,0.04079967360261118
1,2021-04-01T00:00:00Z,2357,2007,85.15061518879932,130,37.142857142857146,30,8.571428571428571,NA,1,NA,0.04242681374628765
1,2021-05-01T00:00:00Z,2587,2124,82.10282180131426,156,33.69330453563715,34,7.343412526997841,NA,3,NA,0.11596443757247778
1,2021-06-01T00:00:00Z,2657,2213,83.28942416258938,146,32.88288288288289,28,6.306306306306306,NA,2,NA,0.07527286413248024
1,2021-07-01T00:00:00Z,2752,2292,83.28488372093024,158,34.34782608695652,40,8.695652173913043,NA,1,NA,0.036337209302325583
1,2021-08-01T00:00:00Z,2652,2205,83.1447963800905,146,32.662192393736014,39,8.724832214765101,NA,NA,NA,NA
1,2021-09-01T00:00:00Z,2684,2260,84.2026825633383,142,33.490566037735846,48,11.320754716981133,NA,2,NA,0.07451564828614009
1,2021-10-01T00:00:00Z,2898,2372,81.84955141476881,146,27.756653992395435,34,6.4638783269961975,NA,1,NA,0.03450655624568668
1,2021-11-01T00:00:00Z,2590,2161,83.43629343629344,152,35.43123543123543,41,9.557109557109557,NA,NA,NA,NA
1,2021-12-01T00:00:00Z,2545,2132,83.7721021611002,139,33.65617433414044,34,8.232445520581114,NA,1,NA,0.03929273084479371
1,2022-01-01T00:00:00Z,2365,1931,81.6490486257928,128,29.493087557603687,25,5.76036866359447,NA,1,NA,0.042283298097251586
1,2022-02-01T00:00:00Z,2315,1892,81.72786177105831,134,31.678486997635936,33,7.801418439716312,2,1,0.08639308855291576,0.04319654427645788
1,2022-03-01T00:00:00Z,2630,2106,80.07604562737643,156,29.770992366412212,51,9.732824427480915,2,2,0.07604562737642585,0.07604562737642585
1,2022-04-01T00:00:00Z,2644,2183,82.5642965204236,144,31.23644251626898,41,8.893709327548807,4,3,0.15128593040847202,0.11346444780635401
1,2022-05-01T00:00:00Z,2825,2399,84.9203539823009,157,36.85446009389671,40,9.389671361502346,7,2,0.24778761061946902,0.07079646017699115
1,2022-06-01T00:00:00Z,2808,2332,83.04843304843304,163,34.2436974789916,35,7.352941176470589,NA,3,NA,0.10683760683760685
1,2022-07-01T00:00:00Z,2870,2411,84.00696864111498,163,35.5119825708061,43,9.368191721132897,2,NA,0.06968641114982578,NA
1,2022-08-01T00:00:00Z,2889,2371,82.0699203876774,156,30.115830115830118,36,6.94980694980695,7,1,0.24229837313949465,0.034614053305642094
1,2022-09-01T00:00:00Z,2709,2249,83.01956441491325,151,32.826086956521735,25,5.434782608695652,2,2,0.07382798080472498,0.07382798080472498
1,2022-10-01T00:00:00Z,2728,2233,81.85483870967742,156,31.515151515151512,30,6.0606060606060606,5,3,0.18328445747800587,0.10997067448680353
1,2022-11-01T00:00:00Z,2740,2229,81.35036496350365,177,34.63796477495107,39,7.632093933463796,3,3,0.10948905109489052,0.10948905109489052
1,2022-12-01T00:00:00Z,2678,2179,81.36669156086633,169,33.86773547094188,41,8.216432865731463,2,1,0.07468259895444362,0.03734129947722181
1,2023-01-01T00:00:00Z,2609,2079,79.68570333461096,195,36.79245283018868,35,6.60377358490566,3,3,0.11498658489842851,0.11498658489842851
1,2023-02-01T00:00:00Z,2494,2014,80.75380914194066,158,32.916666666666664,39,8.125,1,15,0.040096230954290296,0.6014434643143545
1,2023-03-01T00:00:00Z,2703,2201,81.42804291527932,170,33.86454183266932,42,8.366533864541832,4,10,0.14798372179060304,0.3699593044765076
1,2023-04-01T00:00:00Z,2790,2343,83.97849462365592,152,34.00447427293065,35,7.829977628635347,11,5,0.39426523297491045,0.17921146953405018
1,2023-05-01T00:00:00Z,2928,2440,83.33333333333334,173,35.450819672131146,53,10.860655737704917,12,3,0.4098360655737705,0.10245901639344263
1,2023-06-01T00:00:00Z,2879,2397,83.25807572073637,163,33.81742738589212,33,6.846473029045644,1,1,0.03473428273706148,0.03473428273706148
1,2023-07-01T00:00:00Z,2979,2562,86.00201409869084,117,28.05755395683453,29,6.954436450839328,2,2,0.06713662302786169,0.06713662302786169
1,2023-08-01T00:00:00Z,2983,2584,86.62420382165605,71,17.794486215538846,14,3.508771929824561,2,NA,0.0670465973851827,NA
1,2023-09-01T00:00:00Z,2971,2626,88.38774823291821,56,16.231884057971012,10,2.898550724637681,4,11,0.13463480309660047,0.3702457085156513
1,2023-10-01T00:00:00Z,2798,2474,88.42030021443888,49,15.123456790123457,11,3.3950617283950617,2,8,0.07147962830593281,0.28591851322373124
1,2023-11-01T00:00:00Z,2718,2381,87.60117733627666,64,18.991097922848667,7,2.0771513353115725,2,12,0.07358351729212656,0.44150110375275936
1,2023-12-01T00:00:00Z,2665,2344,87.95497185741088,67,20.87227414330218,16,4.984423676012461,3,7,0.1125703564727955,0.2626641651031895
1,2024-01-01T00:00:00Z,2756,2422,87.8809869375907,54,16.16766467065868,7,2.095808383233533,1,5,0.036284470246734396,0.18142235123367198
1,2024-02-01T00:00:00Z,2553,2211,86.60399529964748,99,28.947368421052634,16,4.678362573099415,4,6,0.15667841754798276,0.23501762632197415
1,2024-03-01T00:00:00Z,2946,2441,82.85811269517991,176,34.85148514851485,34,6.732673267326733,2,3,0.0678886625933469,0.10183299389002036
1,2024-04-01T00:00:00Z,2931,2369,80.82565677243262,210,37.36654804270463,37,6.583629893238434,3,9,0.1023541453428864,0.3070624360286591
1,2024-05-01T00:00:00Z,3215,2652,82.48833592534992,211,37.47779751332149,48,8.52575488454707,9,10,0.27993779160186627,0.3110419906687403
1,2024-06-01T00:00:00Z,2907,2453,84.38252493980049,155,34.140969162995596,30,6.607929515418502,7,7,0.24079807361541108,0.24079807361541108
1,2024-07-01T00:00:00Z,2846,2360,82.92340126493323,209,43.00411522633745,49,10.08230452674897,1,2,0.035137034434293744,0.07027406886858749
1,2024-08-01T00:00:00Z,2903,2402,82.74199104374784,172,34.3313373253493,40,7.984031936127744,6,5,0.20668274199104375,0.17223561832586978
1,2024-09-01T00:00:00Z,2976,2423,81.41801075268818,176,31.82640144665461,43,7.775768535262206,4,4,0.13440860215053765,0.13440860215053765
1,2024-10-01T00:00:00Z,3034,2495,82.23467369808833,171,31.72541743970315,35,6.493506493506493,2,7,0.06591957811470006,0.23071852340145024
1,2024-11-01T00:00:00Z,2787,2304,82.66953713670614,194,40.165631469979296,47,9.730848861283643,9,2,0.32292787944025836,0.07176175098672408
1,2024-12-01T00:00:00Z,2751,2305,83.78771355870592,178,39.91031390134529,43,9.641255605381167,7,3,0.2544529262086514,0.10905125408942204
1,2025-01-01T00:00:00Z,2776,2355,84.8342939481268,149,35.39192399049881,34,8.076009501187649,3,3,0.10806916426512969,0.10806916426512969
1,2025-02-01T00:00:00Z,2460,2078,84.47154471544715,147,38.481675392670155,32,8.37696335078534,1,7,0.04065040650406504,0.2845528455284553
1,2025-03-01T00:00:00Z,2809,2323,82.69846920612316,186,38.2716049382716,35,7.20164609053498,7,6,0.2491990032039872,0.21359914560341758
1,2025-04-01T00:00:00Z,2863,2306,80.54488298987077,196,35.18850987432675,46,8.258527827648116,3,4,0.1047851903597625,0.13971358714635
1,2025-05-01T00:00:00Z,3106,2601,83.74114616870573,158,31.287128712871286,39,7.7227722772277225,2,10,0.0643915003219575,0.3219575016097875
1,2025-06-01T00:00:00Z,3002,2541,84.6435709526982,183,39.69631236442516,37,8.026030368763557,5,1,0.1665556295802798,0.033311125916055964
1,2025-07-01T00:00:00Z,3095,2644,85.4281098546042,162,35.92017738359202,28,6.208425720620843,11,3,0.3554119547657512,0.09693053311793215
1,2025-08-01T00:00:00Z,2959,2473,83.57553227441703,190,39.09465020576132,37,7.613168724279835,5,5,0.16897600540723218,0.16897600540723218
1,2025-09-01T00:00:00Z,2995,2525,84.30717863105176,185,39.361702127659576,27,5.74468085106383,3,2,0.10016694490818029,0.0667779632721202
1,2025-10-01T00:00:00Z,2889,2429,84.077535479404645,178,38.69565217391304,35,7.608695652173914,NA,1,NA,0.034614053305642094
1,2025-11-01T00:00:00Z,2831,2342,82.72695160720593,185,37.83231083844581,38,7.770961145194274,5,3,0.17661603673613563,0.1059696220416814
1,2025-12-01T00:00:00Z,2672,2251,84.2440119760479,164,38.95486935866984,23,5.463182897862233,3,1,0.1122754491017964,0.037425149700598806
1,2026-01-01T00:00:00Z,2642,2169,82.09689629068887,193,40.803382663847785,39,8.24524312896406,1,1,0.03785011355034065,0.03785011355034065
1,2026-02-01T00:00:00Z,1394,1240,88.95265423242468,60,38.961038961038966,13,8.441558441558442,NA,NA,NA,NA
2,2017-04-01T00:00:00Z,2487,2129,85.60514676316848,101,28.212290502793298,15,4.189944134078212,NA,NA,NA,NA
2,2017-05-01T00:00:00Z,3316,2864,86.36911942098915,118,26.10619469026549,23,5.0884955752212395,NA,3,NA,0.09047044632086852
2,2017-06-01T00:00:00Z,3479,2986,85.82926128197758,123,24.94929006085193,31,6.288032454361055,NA,6,NA,0.1724633515377982
2,2017-07-01T00:00:00Z,3281,2885,87.93050899116123,105,26.515151515151516,16,4.040404040404041,NA,1,NA,0.030478512648582746
2,2017-08-01T00:00:00Z,3053,2558,83.7864395676384,124,25.050505050505052,28,5.656565656565657,NA,NA,NA,NA
2,2017-09-01T00:00:00Z,2995,2543,84.90818030050083,118,26.10619469026549,26,5.752212389380531,NA,2,NA,0.0667779632721202
2,2017-10-01T00:00:00Z,2953,2558,86.62377243481205,106,26.83544303797468,21,5.3164556962025316,NA,1,NA,0.033863867253640365
2,2017-11-01T00:00:00Z,2943,2507,85.18518518518519,141,32.3394495412844,25,5.73394495412844,NA,1,NA,0.03397893306150187
2,2017-12-01T00:00:00Z,2963,2553,86.16267296658792,110,26.82926829268293,20,4.878048780487805,NA,1,NA,0.03374957813027337
2,2018-01-01T00:00:00Z,2898,2502,86.33540372670807,114,28.78787878787879,32,8.080808080808081,NA,2,NA,0.06901311249137336
2,2018-02-01T00:00:00Z,2454,2042,83.21108394458028,122,29.61165048543689,20,4.854368932038835,NA,3,NA,0.12224938875305623
2,2018-03-01T00:00:00Z,2905,2518,86.67814113597247,123,31.782945736434108,34,8.785529715762273,NA,3,NA,0.10327022375215145
2,2018-04-01T00:00:00Z,2855,2376,83.22241681260945,127,26.513569937369518,32,6.6805845511482245,NA,1,NA,0.03502626970227671
2,2018-05-01T00:00:00Z,3147,2701,85.82777248172863,114,25.56053811659193,24,5.381165919282512,NA,1,NA,0.03177629488401652
2,2018-06-01T00:00:00Z,2961,2500,84.43093549476528,124,26.89804772234273,21,4.55531453362256,NA,1,NA,0.033772374197906116
2,2018-07-01T00:00:00Z,3043,2540,83.47025961222478,148,29.4234592445328,24,4.7713717693836974,NA,1,NA,0.03286230693394677
2,2018-08-01T00:00:00Z,3025,2511,83.00826446280992,139,27.042801556420233,33,6.420233463035019,NA,2,NA,0.06611570247933884
2,2018-09-01T00:00:00Z,2788,2310,82.85509325681491,119,24.89539748953975,37,7.740585774058577,NA,NA,NA,NA
2,2018-10-01T00:00:00Z,3021,2508,83.01886792452831,163,31.773879142300192,30,5.847953216374268,NA,1,NA,0.033101621979477
2,2018-11-01T00:00:00Z,2883,2373,82.31009365244537,123,24.11764705882353,30,5.88235294117647,NA,4,NA,0.1387443635102324
2,2018-12-01T00:00:00Z,2705,2218,81.99630314232903,129,26.488706365503077,27,5.544147843942506,NA,2,NA,0.07393715341959334
2,2019-01-01T00:00:00Z,2818,2286,81.12136266855926,150,28.195488721804512,36,6.7669172932330826,NA,1,NA,0.035486160397444996
2,2019-02-01T00:00:00Z,2346,1957,83.41858482523445,115,29.562982005141386,21,5.3984575835475574,NA,1,NA,0.042625745950554135
2,2019-03-01T00:00:00Z,2641,2176,82.3930329420674,139,29.89247311827957,32,6.881720430107527,NA,3,NA,0.1135933358576297
2,2019-04-01T00:00:00Z,2780,2252,81.00719424460432,154,29.166666666666668,41,7.765151515151516,NA,5,NA,0.1798561151079137
2,2019-05-01T00:00:00Z,2968,2482,83.62533692722371,142,29.218106995884774,31,6.378600823045268,NA,8,NA,0.2695417789757413
2,2019-06-01T00:00:00Z,2833,2385,84.18637486763149,134,29.910714285714285,40,8.928571428571429,NA,3,NA,0.10589481115425345
2,2019-07-01T00:00:00Z,2915,2431,83.39622641509435,138,28.512396694214875,35,7.231404958677685,NA,NA,NA,NA
2,2019-08-01T00:00:00Z,2794,2330,83.39298496778812,121,26.07758620689655,20,4.310344827586207,NA,1,NA,0.03579098067287043
2,2019-09-01T00:00:00Z,2730,2261,82.82051282051283,143,30.49040511727079,41,8.742004264392325,NA,4,NA,0.14652014652014653
2,2019-10-01T00:00:00Z,2820,2339,82.94326241134752,142,29.521829521829524,31,6.4449064449064455,NA,NA,NA,NA
2,2019-11-01T00:00:00Z,2695,2206,81.85528756957329,117,23.92638036809816,28,5.725971370143149,NA,3,NA,0.11131725417439704
2,2019-12-01T00:00:00Z,2743,2224,81.07911046299672,152,29.28709055876686,33,6.358381502890173,NA,1,NA,0.03645643456069996
2,2020-01-01T00:00:00Z,2429,1937,79.74475092630712,154,31.300813008130078,41,8.333333333333332,NA,2,NA,0.08233841086867023
2,2020-02-01T00:00:00Z,2422,1955,80.71841453344344,137,29.336188436830835,35,7.494646680942184,NA,5,NA,0.20644095788604458
2,2020-03-01T00:00:00Z,2090,1700,81.3397129186603,119,30.512820512820515,26,6.666666666666667,NA,5,NA,0.23923444976076555
2,2020-04-01T00:00:00Z,1804,1471,81.54101995565411,71,21.32132132132132,17,5.105105105105105,NA,NA,NA,NA
2,2020-05-01T00:00:00Z,2277,1794,78.78787878787878,120,24.84472049689441,32,6.625258799171843,NA,3,NA,0.13175230566534915
2,2020-06-01T00:00:00Z,2311,1790,77.45564690610125,104,19.961612284069098,18,3.45489443378119,NA,1,NA,0.043271311120726956
2,2020-07-01T00:00:00Z,2521,1948,77.27092423641412,125,21.81500872600349,36,6.282722513089005,NA,NA,NA,NA
2,2020-08-01T00:00:00Z,2457,1957,79.64997964997966,117,23.400000000000002,30,6,NA,1,NA,0.0407000407000407
2,2020-09-01T00:00:00Z,2373,1835,77.32827644332069,125,23.234200743494423,24,4.4609665427509295,NA,1,NA,0.04214075010535188
2,2020-10-01T00:00:00Z,2304,1763,76.51909722222221,114,21.072088724584106,37,6.839186691312385,NA,1,NA,0.043402777777777776
2,2020-11-01T00:00:00Z,2227,1731,77.72788504714863,124,25,32,6.451612903225806,NA,3,NA,0.13471037269869782
2,2020-12-01T00:00:00Z,2291,1761,76.8659973810563,111,20.943396226415096,24,4.528301886792453,NA,1,NA,0.043649061545176775
2,2021-01-01T00:00:00Z,2088,1579,75.62260536398468,107,21.021611001964637,28,5.50098231827112,NA,1,NA,0.047892720306513405
2,2021-02-01T00:00:00Z,1791,1339,74.76270240089336,104,23.008849557522122,22,4.867256637168142,NA,NA,NA,NA
2,2021-03-01T00:00:00Z,2335,1804,77.25910064239828,125,23.540489642184557,30,5.649717514124294,NA,3,NA,0.1284796573875803
2,2021-04-01T00:00:00Z,2230,1765,79.14798206278026,111,23.870967741935484,20,4.301075268817205,NA,2,NA,0.08968609865470852
2,2021-05-01T00:00:00Z,2401,1894,78.88379841732612,129,25.443786982248522,29,5.719921104536489,NA,4,NA,0.16659725114535612
2,2021-06-01T00:00:00Z,2649,2086,78.74669686674217,148,26.287744227353464,38,6.74955595026643,NA,4,NA,0.15100037750094375
2,2021-07-01T00:00:00Z,2668,2140,80.20989505247377,144,27.27272727272727,40,7.575757575757576,NA,2,NA,0.07496251874062969
2,2021-08-01T00:00:00Z,2670,2198,82.32209737827715,122,25.847457627118644,22,4.661016949152542,NA,NA,NA,NA
2,2021-09-01T00:00:00Z,2614,2085,79.7628156082632,123,23.251417769376182,31,5.8601134215500945,NA,3,NA,0.11476664116296864
2,2021-10-01T00:00:00Z,2764,2138,77.35166425470334,158,25.23961661341853,41,6.549520766773163,NA,7,NA,0.2532561505065123
2,2021-11-01T00:00:00Z,2492,1957,78.53130016051364,138,25.794392523364486,30,5.607476635514018,NA,2,NA,0.08025682182985554
2,2021-12-01T00:00:00Z,2518,1949,77.40270055599683,123,21.616871704745165,28,4.92091388400703,NA,NA,NA,NA
2,2022-01-01T00:00:00Z,2233,1730,77.47424988804299,130,25.844930417495032,23,4.572564612326044,NA,3,NA,0.13434841021047916
2,2022-02-01T00:00:00Z,2259,1695,75.0332005312085,143,25.354609929078016,33,5.851063829787234,5,2,0.22133687472332889,0.08853474988933156
2,2022-03-01T00:00:00Z,2611,1970,75.45001914975106,155,24.180967238689547,29,4.5241809672386895,5,3,0.19149751053236308,0.11489850631941785
2,2022-04-01T00:00:00Z,2592,2057,79.35956790123457,115,21.49532710280374,27,5.046728971962617,6,6,0.23148148148148145,0.23148148148148145
2,2022-05-01T00:00:00Z,2772,2199,79.32900432900432,128,22.338568935427574,34,5.93368237347295,4,4,0.1443001443001443,0.1443001443001443
2,2022-06-01T00:00:00Z,2734,2157,78.89539136795904,150,25.99653379549394,34,5.892547660311958,8,7,0.2926115581565472,0.25603511338697876
2,2022-07-01T00:00:00Z,2575,2025,78.64077669902912,159,28.909090909090907,32,5.818181818181818,7,2,0.27184466019417475,0.07766990291262137
2,2022-08-01T00:00:00Z,2615,2026,77.47609942638624,150,25.46689303904924,38,6.451612903225806,4,6,0.15296367112810708,0.22944550669216063
2,2022-09-01T00:00:00Z,2419,1864,77.05663497312939,159,28.64864864864865,40,7.207207207207207,5,3,0.20669698222405952,0.12401818933443572
2,2022-10-01T00:00:00Z,2595,1990,76.6859344894027,154,25.454545454545453,41,6.776859504132231,4,2,0.15414258188824664,0.07707129094412332
2,2022-11-01T00:00:00Z,2440,1914,78.44262295081967,122,23.193916349809886,27,5.133079847908745,3,8,0.12295081967213116,0.32786885245901637
2,2022-12-01T00:00:00Z,2554,2025,79.2873923257635,131,24.763705103969755,25,4.725897920604915,8,4,0.31323414252153486,0.15661707126076743
2,2023-01-01T00:00:00Z,2453,1893,77.17081125152873,151,26.96428571428571,40,7.142857142857142,5,9,0.20383204239706482,0.36689767631471665
2,2023-02-01T00:00:00Z,2319,1765,76.11039241052178,165,29.783393501805055,48,8.664259927797833,10,14,0.4312203536006899,0.603708495040966
2,2023-03-01T00:00:00Z,2534,2019,79.67640094711918,149,28.932038834951456,45,8.737864077669903,4,15,0.15785319652722968,0.59194948697711125
2,2023-04-01T00:00:00Z,2615,2028,77.55258126195028,150,25.55366269165247,39,6.643952299829642,10,9,0.3824091778202677,0.3441682600382409
2,2023-05-01T00:00:00Z,2696,2107,78.15281899109793,147,24.95755517826825,39,6.621392190152801,12,6,0.44510385756676557,0.22255192878338279
2,2023-06-01T00:00:00Z,2810,2222,79.07473309608541,139,23.639455782312925,28,4.761904761904762,4,8,0.1423487544483986,0.2846975088967972
2,2023-07-01T00:00:00Z,2722,2243,82.40264511388685,115,24.008350730688935,25,5.219206680584551,4,4,0.1469507714915503,0.1469507714915503
2,2023-08-01T00:00:00Z,2713,2306,84.99815702174715,46,11.302211302211303,8,1.9656019656019657,1,5,0.036859565057132324,0.18429782528566163
2,2023-09-01T00:00:00Z,2724,2289,84.03083700440529,73,16.7816091954023,11,2.528735632183908,3,10,0.11013215859030838,0.36710719530102787
2,2023-10-01T00:00:00Z,2720,2266,83.30882352941177,82,18.06167400881057,13,2.8634361233480177,NA,11,NA,0.4044117647058824
2,2023-11-01T00:00:00Z,2510,2103,83.78486055776892,52,12.776412776412776,10,2.457002457002457,12,14,0.4780876494023904,0.5577689243027889
2,2023-12-01T00:00:00Z,2582,2177,84.3144848954299,64,15.802469135802468,13,3.2098765432098766,8,10,0.3098373353989156,0.3872966692486445
2,2024-01-01T00:00:00Z,2486,2074,83.42719227674979,74,17.96116504854369,14,3.3980582524271843,12,8,0.4827031375703942,0.32180209171359614
2,2024-02-01T00:00:00Z,2328,1912,82.13058419243985,90,21.634615384615387,16,3.8461538461538463,12,14,0.5154639175257731,0.6013745704467355
2,2024-03-01T00:00:00Z,2632,2048,77.81155015197568,166,28.424657534246577,38,6.506849315068493,10,11,0.3799392097264438,0.4179331306990881
2,2024-04-01T00:00:00Z,2362,1840,77.90008467400507,162,31.03448275862069,31,5.938697318007663,1,13,0.04233700254022015,0.550381033022862
2,2024-05-01T00:00:00Z,2701,2108,78.04516845612736,184,31.02866779089376,35,5.902192242833052,7,16,0.259163272861903,0.5923731951129212
2,2024-06-01T00:00:00Z,2744,2200,80.17492711370262,166,30.514705882352942,32,5.88235294117647,5,9,0.18221574344023322,0.32798833819241985
2,2024-07-01T00:00:00Z,2638,2099,79.56785443517816,122,22.634508348794064,30,5.565862708719852,11,4,0.4169825625473844,0.1516300227445034
2,2024-08-01T00:00:00Z,2637,2096,79.48426241941601,163,30.129390018484287,34,6.284658040665435,13,15,0.4929844520288207,0.5688282138794084
2,2024-09-01T00:00:00Z,2593,2060,79.44465869649055,147,27.5797373358349,36,6.75422138836773,10,14,0.38565368299267255,0.5399151561897416
2,2024-10-01T00:00:00Z,2749,2224,80.90214623499455,155,29.523809523809526,31,5.904761904761905,8,12,0.29101491451436884,0.43652237177155323
2,2024-11-01T00:00:00Z,2616,2106,80.5045871559633,137,26.862745098039216,26,5.098039215686274,13,7,0.4969418960244648,0.2675840978593272
2,2024-12-01T00:00:00Z,2666,2089,78.35708927231808,187,32.40901213171577,47,8.145580589254767,10,7,0.3750937734433608,0.2625656414103526
2,2025-01-01T00:00:00Z,2454,1895,77.22086389568052,147,26.29695885509839,34,6.082289803220036,9,13,0.36674816625916873,0.5297473512632437
2,2025-02-01T00:00:00Z,2296,1756,76.4808362369338,127,23.51851851851852,27,5,10,7,0.4355400696864111,0.3048780487804878
2,2025-03-01T00:00:00Z,2575,1994,77.4368932038835,171,29.43201376936317,36,6.196213425129088,12,17,0.46601941747572817,0.6601941747572815
2,2025-04-01T00:00:00Z,2425,1922,79.25773195876289,139,27.634194831013914,24,4.7713717693836974,18,4,0.7422680412371134,0.16494845360824742
2,2025-05-01T00:00:00Z,2818,2215,78.60184528034067,164,27.197346600331674,34,5.638474295190713,1,8,0.035486160397444996,0.28388928317955997
2,2025-06-01T00:00:00Z,2696,2169,80.45252225519289,159,30.170777988614798,29,5.502846299810247,14,10,0.5192878338278931,0.370919881305638
2,2025-07-01T00:00:00Z,2790,2255,80.82437275985663,146,27.289719626168225,36,6.728971962616822,22,3,0.7885304659498209,0.10752688172043011
2,2025-08-01T00:00:00Z,2621,2065,78.7867226249523,173,31.115107913669064,39,7.014388489208632,10,6,0.38153376573826786,0.22892025944296068
2,2025-09-01T00:00:00Z,2569,2033,79.1358505254963,139,25.932835820895523,26,4.850746268656716,9,9,0.3503308680420397,0.3503308680420397
2,2025-10-01T00:00:00Z,2718,2192,80.64753495217072,164,31.1787072243346,36,6.844106463878327,7,11,0.257542310522443,0.40470934510669615
2,2025-11-01T00:00:00Z,2559,2039,79.67956232903478,146,28.076923076923077,25,4.807692307692308,5,5,0.19538882375928096,0.19538882375928096
2,2025-12-01T00:00:00Z,2585,1980,76.59574468085107,169,27.933884297520663,30,4.958677685950414,9,12,0.3481624758220503,0.46421663442940037
2,2026-01-01T00:00:00Z,2546,2026,79.5758051846033,176,33.84615384615385,34,6.538461538461539,10,7,0.3927729772191673,0.2749410840534171
2,2026-02-01T00:00:00Z,1399,1250,89.34953538241601,49,32.88590604026846,9,6.0402684563758395,5,NA,0.35739814152966404,NA
3,2017-04-01T00:00:00Z,3049,2543,83.40439488356837,126,24.90118577075099,42,8.300395256916996,NA,NA,NA,NA
3,2017-05-01T00:00:00Z,3951,3314,83.8774993672488,156,24.489795918367346,53,8.320251177394034,NA,NA,NA,NA
3,2017-06-01T00:00:00Z,4115,3544,86.1239368165249,158,27.670753064798596,46,8.056042031523642,NA,4,NA,0.09720534629404617
3,2017-07-01T00:00:00Z,3788,3236,85.42766631467794,152,27.536231884057973,36,6.521739130434782,NA,1,NA,0.026399155227032733
3,2017-08-01T00:00:00Z,4021,3369,83.78512807759265,178,27.300613496932513,49,7.515337423312883,NA,2,NA,0.04973887092762994
3,2017-09-01T00:00:00Z,3693,3110,84.2133766585432,181,31.04631217838765,52,8.919382504288166,NA,1,NA,0.027078256160303276
3,2017-10-01T00:00:00Z,3852,3245,84.24195223260644,156,25.700164744645797,50,8.237232289950576,NA,NA,NA,NA
3,2017-11-01T00:00:00Z,3615,3013,83.34716459197787,174,28.903654485049834,55,9.136212624584719,NA,NA,NA,NA
3,2017-12-01T00:00:00Z,3598,3001,83.40744858254587,174,29.145728643216078,50,8.375209380234507,NA,NA,NA,NA
3,2018-01-01T00:00:00Z,3613,2992,82.81206753390535,155,24.9597423510467,43,6.924315619967794,NA,2,NA,0.05535566011624688
3,2018-02-01T00:00:00Z,3235,2662,82.28748068006182,172,30.017452006980804,62,10.820244328097731,NA,2,NA,0.061823802163833076
3,2018-03-01T00:00:00Z,3524,2927,83.05902383654937,201,33.66834170854271,91,15.242881072026801,NA,NA,NA,NA
3,2018-04-01T00:00:00Z,3429,2869,83.6687080781569,140,25,42,7.5,NA,NA,NA,NA
3,2018-05-01T00:00:00Z,3621,3092,85.39077602872135,142,26.84310018903592,42,7.9395085066162565,NA,NA,NA,NA
3,2018-06-01T00:00:00Z,3696,3137,84.87554112554112,146,26.118067978533094,42,7.5134168157423975,NA,2,NA,0.05411255411255411
3,2018-07-01T00:00:00Z,3797,3205,84.40874374506188,172,29.054054054054053,61,10.304054054054054,NA,NA,NA,NA
3,2018-08-01T00:00:00Z,3654,3043,83.27859879584018,180,29.45990180032733,54,8.8379705400982,NA,1,NA,0.027367268746579094
3,2018-09-01T00:00:00Z,3586,2989,83.35192414947016,171,28.643216080402013,55,9.212730318257957,NA,NA,NA,NA
3,2018-10-01T00:00:00Z,3740,3061,81.84491978609626,200,29.455081001472756,69,10.1620029455081,NA,1,NA,0.026737967914438502
3,2018-11-01T00:00:00Z,3318,2796,84.26763110307414,158,30.268199233716476,47,9.003831417624522,NA,1,NA,0.03013863773357444
3,2018-12-01T00:00:00Z,3534,2938,83.13525749858516,202,33.89261744966443,59,9.899328859060402,NA,NA,NA,NA
3,2019-01-01T00:00:00Z,3283,2726,83.03381053914103,181,32.49551166965889,44,7.899461400359066,NA,1,NA,0.03045994517209869
3,2019-02-01T00:00:00Z,2993,2431,81.22285332442367,179,31.85053380782918,52,9.252669039145907,NA,1,NA,0.03341129301703976
3,2019-03-01T00:00:00Z,3272,2692,82.27383863080685,182,31.379310344827587,48,8.275862068965518,NA,1,NA,0.030562347188264057
3,2019-04-01T00:00:00Z,3380,2798,82.7810650887574,225,38.659793814432994,59,10.137457044673539,NA,NA,NA,NA
3,2019-05-01T00:00:00Z,3857,3222,83.53642727508426,199,31.338582677165356,52,8.188976377952756,NA,NA,NA,NA
3,2019-06-01T00:00:00Z,3547,2924,82.43586129123203,203,32.58426966292135,64,10.272873194221509,NA,1,NA,0.028192839018889203
3,2019-07-01T00:00:00Z,3771,3093,82.02068416865554,194,28.613569321533923,51,7.52212389380531,NA,NA,NA,NA
3,2019-08-01T00:00:00Z,3566,2950,82.72574312955693,208,33.76623376623377,67,10.876623376623376,NA,NA,NA,NA
3,2019-09-01T00:00:00Z,3416,2792,81.73302107728337,218,34.93589743589743,58,9.294871794871796,NA,1,NA,0.02927400468384075
3,2019-10-01T00:00:00Z,3545,2836,80,193,27.221438645980257,63,8.885754583921015,NA,1,NA,0.028208744710860365
3,2019-11-01T00:00:00Z,3330,2691,80.8108108108108,182,28.482003129890455,54,8.450704225352112,NA,NA,NA,NA
3,2019-12-01T00:00:00Z,3456,2829,81.85763888888889,167,26.6347687400319,51,8.133971291866029,NA,NA,NA,NA
3,2020-01-01T00:00:00Z,3529,2856,80.92944176820629,205,30.460624071322435,61,9.063893016344725,NA,1,NA,0.028336639274582034
3,2020-02-01T00:00:00Z,3169,2623,82.77059009151152,184,33.6996336996337,54,9.89010989010989,NA,1,NA,0.03155569580309246
3,2020-03-01T00:00:00Z,3125,2547,81.504,152,26.297577854671278,31,5.3633217993079585,NA,NA,NA,NA
3,2020-04-01T00:00:00Z,2698,2177,80.68939955522609,121,23.224568138195778,35,6.71785028790787,NA,NA,NA,NA
3,2020-05-01T00:00:00Z,2996,2393,79.87316421895862,170,28.192371475953564,53,8.7893864013267,NA,NA,NA,NA
3,2020-06-01T00:00:00Z,2994,2425,80.99532398129593,146,25.65905096660808,45,7.9086115992970125,NA,1,NA,0.033400133600534405
3,2020-07-01T00:00:00Z,3213,2568,79.92530345471522,196,30.387596899224807,42,6.511627906976744,NA,1,NA,0.031123560535325244
3,2020-08-01T00:00:00Z,3089,2491,80.64098413726126,174,29.09698996655518,58,9.698996655518394,NA,2,NA,0.06474587245063128
3,2020-09-01T00:00:00Z,2934,2320,79.07293796864349,180,29.31596091205212,49,7.980456026058631,NA,1,NA,0.03408316291751875
3,2020-10-01T00:00:00Z,3052,2422,79.35779816513761,179,28.41269841269841,62,9.841269841269842,NA,2,NA,0.0655307994757536
3,2020-11-01T00:00:00Z,3065,2436,79.47797716150082,160,25.43720190779014,48,7.631160572337042,NA,1,NA,0.03262642740619902
3,2020-12-01T00:00:00Z,2972,2364,79.54239569313593,144,23.684210526315788,45,7.401315789473683,NA,NA,NA,NA
3,2021-01-01T00:00:00Z,2885,2278,78.96013864818025,182,29.983525535420096,56,9.225700164744646,NA,1,NA,0.03466204506065858
3,2021-02-01T00:00:00Z,2431,1950,80.21390374331551,136,28.274428274428274,42,8.731808731808732,NA,NA,NA,NA
3,2021-03-01T00:00:00Z,3018,2342,77.60106030483765,189,27.958579881656803,53,7.840236686390532,NA,4,NA,0.13253810470510272
3,2021-04-01T00:00:00Z,2926,2323,79.39166097060834,184,30.514096185737976,55,9.12106135986733,NA,3,NA,0.10252904989747096
3,2021-05-01T00:00:00Z,3042,2432,79.9474030243261,186,30.491803278688522,54,8.852459016393443,NA,NA,NA,NA
3,2021-06-01T00:00:00Z,3243,2582,79.61763798951587,188,28.44175491679274,46,6.959152798789712,NA,4,NA,0.12334258402713535
3,2021-07-01T00:00:00Z,3342,2703,80.87971274685816,170,26.604068857589986,44,6.885758998435055,NA,4,NA,0.11968880909634949
3,2021-08-01T00:00:00Z,3210,2605,81.15264797507788,180,29.75206611570248,37,6.115702479338843,NA,3,NA,0.09345794392523366
3,2021-09-01T00:00:00Z,3333,2692,80.76807680768077,195,30.42121684867395,48,7.48829953198128,NA,NA,NA,NA
3,2021-10-01T00:00:00Z,3504,2790,79.62328767123287,196,27.450980392156865,57,7.9831932773109235,NA,NA,NA,NA
3,2021-11-01T00:00:00Z,3129,2440,77.9801853627357,193,28.011611030478957,56,8.127721335268506,NA,3,NA,0.09587727708533077
3,2021-12-01T00:00:00Z,3102,2466,79.49709864603481,200,31.446540880503143,52,8.176100628930817,NA,3,NA,0.09671179883945842
3,2022-01-01T00:00:00Z,2893,2339,80.85032837884549,158,28.51985559566787,42,7.581227436823104,NA,2,NA,0.06913238852402351
3,2022-02-01T00:00:00Z,2886,2260,78.3090783090783,182,29.073482428115017,48,7.667731629392971,11,1,0.38115038115038113,0.03465003465003465
3,2022-03-01T00:00:00Z,3070,2403,78.273615635179155,191,28.635682158920538,49,7.34632683658171,11,4,0.3583061889250814,0.13029315960912052
3,2022-04-01T00:00:00Z,3088,2488,80.56994818652849,179,29.833333333333336,61,10.166666666666666,3,3,0.09715025906735751,0.09715025906735751
3,2022-05-01T00:00:00Z,3319,2654,79.96384453148538,184,27.669172932330827,62,9.323308270676693,21,2,0.6327206990057246,0.06025911419102139
3,2022-06-01T00:00:00Z,3382,2736,80.89887640449437,194,30.030959752321984,46,7.120743034055728,10,2,0.29568302779420463,0.05913660555884093
3,2022-07-01T00:00:00Z,3371,2699,80.06526253337289,192,28.57142857142857,49,7.291666666666667,9,1,0.26698309107089885,0.02966478789676654
3,2022-08-01T00:00:00Z,3060,2394,78.23529411764706,167,25.075075075075077,50,7.5075075075075075,6,1,0.19607843137254902,0.0326797385620915
3,2022-09-01T00:00:00Z,3340,2582,77.30538922155688,210,27.70448548812665,50,6.596306068601583,9,2,0.2694610778443114,0.059880239520958084
3,2022-10-01T00:00:00Z,3246,2547,78.46580406654344,196,28.040057224606578,61,8.726752503576538,4,1,0.12322858903265559,0.030807147258163897
3,2022-11-01T00:00:00Z,3286,2579,78.48447961046865,206,29.13719943422914,55,7.779349363507778,13,NA,0.39561777236762025,NA
3,2022-12-01T00:00:00Z,3281,2544,77.5373361779945,216,29.30800542740841,45,6.1058344640434195,9,1,0.27430661383724475,0.030478512648582746
3,2023-01-01T00:00:00Z,3154,2390,75.77679137603045,210,27.486910994764397,62,8.115183246073299,19,1,0.6024096385542169,0.03170577045022194
3,2023-02-01T00:00:00Z,3083,2420,78.49497242945183,195,29.411764705882355,63,9.502262443438914,2,3,0.06487187804086927,0.09730781706130393
3,2023-03-01T00:00:00Z,3529,2782,78.83253046188722,210,28.11244979919679,57,7.630522088353414,27,2,0.76508926041371494,0.05667327854916407
3,2023-04-01T00:00:00Z,3432,2681,78.11771561771562,189,25.166444740346204,46,6.125166444740346,24,1,0.6993006993006993,0.029137529137529136
3,2023-05-01T00:00:00Z,3643,2854,78.34202580290969,245,31.05196451204056,69,8.745247148288973,6,3,0.16469942355201758,0.08234971177600879
3,2023-06-01T00:00:00Z,3428,2721,79.3757292882147,177,25.035360678925034,59,8.345120226308344,1,4,0.029171528588098013,0.11668611435239205
3,2023-07-01T00:00:00Z,3688,2899,78.6062906724512,157,19.898605830164765,44,5.576679340937896,7,2,0.1898047722342733,0.05422993492407809
3,2023-08-01T00:00:00Z,3671,3078,83.84636338872242,93,15.682967959527824,24,4.0472175379426645,6,2,0.16344320348678834,0.05448106782892945
3,2023-09-01T00:00:00Z,3590,2980,83.008356545961007,94,15.40983606557377,33,5.409836065573771,7,6,0.19498607242339833,0.1671309192200557
3,2023-10-01T00:00:00Z,3964,3238,81.68516649848637,149,20.52341597796143,42,5.785123966942149,7,6,0.17658930373360243,0.15136226034308778
3,2023-11-01T00:00:00Z,3624,3025,83.47130242825607,94,15.692821368948248,16,2.671118530884808,4,4,0.11037527593818984,0.11037527593818984
3,2023-12-01T00:00:00Z,3687,3058,82.94005966910768,101,16.05723370429253,20,3.1796502384737675,4,4,0.10848928668294007,0.10848928668294007
3,2024-01-01T00:00:00Z,3456,2870,83.04398148148148,108,18.43003412969283,30,5.1194539249146755,10,3,0.28935185185185186,0.08680555555555555
3,2024-02-01T00:00:00Z,3256,2676,82.18673218673219,145,25,40,6.896551724137931,4,5,0.12285012285012285,0.15356265356265356
3,2024-03-01T00:00:00Z,3397,2730,80.36502796585222,195,29.235382308845576,47,7.04647676161919,11,1,0.32381513099793935,0.029437739181630854
3,2024-04-01T00:00:00Z,3472,2799,80.6163594470046,206,30.60921248142645,48,7.13224368499257,7,11,0.20161290322580644,0.31682027649769584
3,2024-05-01T00:00:00Z,4012,3230,80.50847457627118,223,28.516624040920718,47,6.010230179028133,9,7,0.2243270189431705,0.1744765702891326
3,2024-06-01T00:00:00Z,3682,2936,79.7392721347094,199,26.675603217158177,51,6.8364611260053625,6,5,0.16295491580662683,0.13579576317218903
3,2024-07-01T00:00:00Z,3769,3017,80.04775802600159,194,25.79787234042553,44,5.851063829787234,6,1,0.15919342000530645,0.02653223666755107
3,2024-08-01T00:00:00Z,3702,2985,80.6320907617504,214,29.846582984658298,49,6.834030683403068,15,4,0.4051863857374392,0.10804970286331712
3,2024-09-01T00:00:00Z,3702,2982,80.55105348460292,200,27.77777777777778,51,7.083333333333333,12,4,0.3241491085899514,0.10804970286331712
3,2024-10-01T00:00:00Z,4143,3274,79.02486121168235,250,28.768699654775602,61,7.019562715765247,10,6,0.24137098720733766,0.1448225923244026
3,2024-11-01T00:00:00Z,3582,2804,78.28029034059185,190,24.42159383033419,51,6.555269922879177,17,7,0.4745951982132886,0.1954215522054718
3,2024-12-01T00:00:00Z,3492,2858,81.84421534936999,170,26.813880126182966,39,6.151419558359621,24,8,0.6872852233676976,0.22909507445589922
3,2025-01-01T00:00:00Z,3232,2575,79.67202970297029,202,30.74581430745814,53,8.06697108066971,17,3,0.525990099009901,0.09282178217821782
3,2025-02-01T00:00:00Z,3079,2434,79.05164014290355,158,24.496124031007753,45,6.976744186046512,4,3,0.12991230919129587,0.0974342318934719
3,2025-03-01T00:00:00Z,3466,2726,78.64974033467973,221,29.864864864864867,41,5.540540540540541,12,2,0.3462204270051933,0.05770340450086555
3,2025-04-01T00:00:00Z,3431,2718,79.2188866219761,203,28.471248246844322,44,6.171107994389901,17,3,0.4954823666569514,0.08743806470416789
3,2025-05-01T00:00:00Z,3465,2738,79.01875901875903,222,30.536451169188446,53,7.290233837689134,9,8,0.2597402597402597,0.23088023088023088
3,2025-06-01T00:00:00Z,3303,2633,79.7154102331214,180,26.865671641791046,33,4.925373134328359,10,2,0.3027550711474417,0.060551014229488345
3,2025-07-01T00:00:00Z,3445,2750,79.82583454281567,217,31.22302158273381,47,6.762589928057554,32,4,0.9288824383164005,0.11611030478955006
3,2025-08-01T00:00:00Z,3464,2791,80.5715935334873,184,27.340267459138186,36,5.349182763744428,32,1,0.9237875288683602,0.028868360277136258
3,2025-09-01T00:00:00Z,3285,2608,79.39117199391173,191,28.21270310192024,48,7.0901033973412115,17,4,0.517503805175038,0.12176560121765602
3,2025-10-01T00:00:00Z,3315,2612,78.79336349924586,232,33.001422475106686,47,6.685633001422476,18,3,0.5429864253393665,0.09049773755656108
3,2025-11-01T00:00:00Z,3128,2572,82.22506393861893,188,33.81294964028777,48,8.633093525179856,13,6,0.41560102301790286,0.1918158567774936
3,2025-12-01T00:00:00Z,2975,2375,79.83193277310924,183,30.5,58,9.666666666666666,37,4,1.2436974789915967,0.13445378151260504
3,2026-01-01T00:00:00Z,3086,2480,80.36292935839275,188,31.02310231023102,41,6.765676567656766,25,1,0.8101101749837978,0.03240440699935191
3,2026-02-01T00:00:00Z,1623,1459,89.89525569932223,60,36.58536585365854,14,8.536585365853659,13,NA,0.8009858287122612,NA
4,2017-04-01T00:00:00Z,3081,2664,86.46543330087634,131,31.414868105515588,43,10.311750599520384,NA,1,NA,0.03245699448231094
4,2017-05-01T00:00:00Z,4035,3497,86.66666666666667,168,31.226765799256505,64,11.895910780669144,NA,NA,NA,NA
4,2017-06-01T00:00:00Z,4212,3601,85.49382716049382,216,35.3518821603928,57,9.328968903436989,NA,3,NA,0.07122507122507123
4,2017-07-01T00:00:00Z,3998,3453,86.36818409204602,160,29.357798165137616,41,7.522935779816514,NA,2,NA,0.05002501250625312
4,2017-08-01T00:00:00Z,4042,3421,84.63631865413161,182,29.307568438003223,54,8.695652173913043,NA,3,NA,0.07422068283028203
4,2017-09-01T00:00:00Z,3851,3302,85.74396260711504,156,28.415300546448087,40,7.285974499089254,NA,NA,NA,NA
4,2017-10-01T00:00:00Z,3951,3356,84.94052138699062,172,28.907563025210088,47,7.899159663865546,NA,1,NA,0.02531004808909137
4,2017-11-01T00:00:00Z,3649,3115,85.36585365853658,166,31.086142322097377,42,7.865168539325842,NA,3,NA,0.0822143052891203
4,2017-12-01T00:00:00Z,3576,3023,84.53579418344519,160,28.933092224231466,44,7.956600361663653,NA,1,NA,0.02796420581655481
4,2018-01-01T00:00:00Z,3370,2847,84.48071216617211,157,30.019120458891013,33,6.309751434034416,NA,2,NA,0.05934718100890207
4,2018-02-01T00:00:00Z,2978,2516,84.48623237071861,143,30.952380952380953,42,9.090909090909092,NA,1,NA,0.0335795836131632
4,2018-03-01T00:00:00Z,3469,2956,85.21187662150476,165,32.16374269005848,42,8.187134502923977,NA,2,NA,0.057653502450273855
4,2018-04-01T00:00:00Z,3536,3029,85.66176470588235,161,31.755424063116372,46,9.072978303747535,NA,2,NA,0.056561085972850686
4,2018-05-01T00:00:00Z,3968,3385,85.30745967741935,184,31.56089193825043,39,6.689536878216123,NA,3,NA,0.07560483870967742
4,2018-06-01T00:00:00Z,3803,3217,84.59111227977913,173,29.522184300341298,50,8.532423208191126,NA,NA,NA,NA
4,2018-07-01T00:00:00Z,3816,3266,85.58700209643607,180,32.72727272727273,44,8,NA,NA,NA,NA
4,2018-08-01T00:00:00Z,3734,3137,84.01178361006963,205,34.33835845896148,57,9.547738693467336,NA,2,NA,0.05356186395286556
4,2018-09-01T00:00:00Z,3618,3075,84.99170812603649,179,32.96500920810313,57,10.497237569060774,NA,2,NA,0.055279159756771695
4,2018-10-01T00:00:00Z,3704,3158,85.25917926565874,181,33.150183150183146,47,8.608058608058608,NA,3,NA,0.08099352051835854
4,2018-11-01T00:00:00Z,3222,2663,82.65052762259467,195,34.883720930232556,60,10.73345259391771,NA,4,NA,0.12414649286157665
4,2018-12-01T00:00:00Z,3435,2893,84.2212518195051,179,33.025830258302584,50,9.22509225092251,NA,3,NA,0.08733624454148471
4,2019-01-01T00:00:00Z,3288,2767,84.15450121654501,146,28.023032629558543,35,6.71785028790787,NA,2,NA,0.06082725060827251
4,2019-02-01T00:00:00Z,2923,2440,83.47588094423537,169,34.989648033126294,32,6.625258799171843,NA,NA,NA,NA
4,2019-03-01T00:00:00Z,3306,2763,83.57531760435572,183,33.70165745856354,48,8.83977900552486,NA,4,NA,0.12099213551119178
4,2019-04-01T00:00:00Z,3399,2848,83.78934980876728,199,36.116152450090745,54,9.800362976406534,NA,1,NA,0.02942041776993233
4,2019-05-01T00:00:00Z,3608,3023,83.7860310421286,174,29.743589743589745,41,7.0085470085470085,NA,4,NA,0.11086474501108648
4,2019-06-01T00:00:00Z,3536,2923,82.66402714932126,205,33.442088091353995,60,9.787928221859707,NA,1,NA,0.028280542986425343
4,2019-07-01T00:00:00Z,3587,2986,83.24505157513242,194,32.27953410981697,44,7.321131447587355,NA,3,NA,0.08363534987454697
4,2019-08-01T00:00:00Z,3486,2874,82.44406196213426,198,32.35294117647059,54,8.823529411764707,NA,2,NA,0.05737234652897303
4,2019-09-01T00:00:00Z,3520,2926,83.125,201,33.83838383838384,63,10.606060606060606,NA,2,NA,0.056818181818181816
4,2019-10-01T00:00:00Z,3650,3004,82.30136986301369,204,31.57894736842105,57,8.823529411764707,NA,2,NA,0.0547945205479452
4,2019-11-01T00:00:00Z,3372,2734,81.07947805456702,222,34.79623824451411,61,9.561128526645767,NA,NA,NA,NA
4,2019-12-01T00:00:00Z,3359,2750,81.86960404882406,189,31.03448275862069,52,8.538587848932677,NA,3,NA,0.08931229532598987
4,2020-01-01T00:00:00Z,3183,2555,80.27018535972353,184,29.29936305732484,50,7.961783439490445,NA,2,NA,0.06283380458686773
4,2020-02-01T00:00:00Z,3000,2450,81.66666666666667,186,33.81818181818182,46,8.363636363636363,NA,4,NA,0.13333333333333333
4,2020-03-01T00:00:00Z,3216,2649,82.36940298507463,152,26.807760141093475,41,7.231040564373897,NA,4,NA,0.12437810945273632
4,2020-04-01T00:00:00Z,2693,2251,83.58707760861492,142,32.126696832579185,32,7.239819004524888,NA,2,NA,0.07426661715558856
4,2020-05-01T00:00:00Z,3175,2608,82.14173228346456,164,28.92416225749559,35,6.172839506172839,NA,2,NA,0.06299212598425197
4,2020-06-01T00:00:00Z,2955,2485,84.0947546531303,160,34.04255319148936,34,7.234042553191489,NA,4,NA,0.1353637901861252
4,2020-07-01T00:00:00Z,3263,2696,82.62335274287466,155,27.336860670194003,40,7.054673721340388,NA,2,NA,0.061293288384921846
4,2020-08-01T00:00:00Z,3231,2663,82.42030331166822,177,31.161971830985912,36,6.338028169014084,NA,4,NA,0.12380068090374496
4,2020-09-01T00:00:00Z,3157,2550,80.77288565093443,166,27.347611202635914,39,6.425041186161449,NA,2,NA,0.06335128286347799
4,2020-10-01T00:00:00Z,3147,2550,81.02955195424214,174,29.145728643216078,41,6.867671691792294,NA,2,NA,0.06355258976803305
4,2020-11-01T00:00:00Z,2888,2310,79.98614958448753,178,30.79584775086505,39,6.747404844290658,NA,NA,NA,NA
4,2020-12-01T00:00:00Z,2795,2216,79.28443649373882,177,30.569948186528496,40,6.90846286701209,NA,NA,NA,NA
4,2021-01-01T00:00:00Z,2431,1924,79.14438502673798,153,30.17751479289941,28,5.522682445759369,NA,1,NA,0.04113533525298231
4,2021-02-01T00:00:00Z,2308,1817,78.7261698440208,169,34.419551934826885,42,8.55397148676171,NA,2,NA,0.08665511265164644
4,2021-03-01T00:00:00Z,2882,2291,79.49340735600278,183,30.96446700507614,40,6.768189509306261,NA,1,NA,0.03469812630117974
4,2021-04-01T00:00:00Z,2774,2253,81.21845710165826,163,31.285988483685223,33,6.333973128598848,NA,1,NA,0.03604902667627974
4,2021-05-01T00:00:00Z,3171,2596,81.86691895301166,190,33.04347826086956,33,5.739130434782608,NA,1,NA,0.031535793125197095
4,2021-06-01T00:00:00Z,3110,2573,82.73311897106109,161,29.981378026070765,36,6.70391061452514,NA,NA,NA,NA
4,2021-07-01T00:00:00Z,3274,2707,82.68173488087966,176,31.040564373897706,38,6.701940035273369,NA,4,NA,0.12217470983506415
4,2021-08-01T00:00:00Z,3126,2598,83.10940499040306,170,32.196969696969695,30,5.681818181818182,NA,NA,NA,NA
4,2021-09-01T00:00:00Z,3178,2637,82.9767149150409,179,33.08687615526802,39,7.208872458410351,NA,NA,NA,NA
4,2021-10-01T00:00:00Z,3428,2834,82.67211201866978,178,29.96632996632997,46,7.744107744107744,NA,4,NA,0.11668611435239205
4,2021-11-01T00:00:00Z,3048,2478,81.2992125984252,183,32.10526315789474,54,9.473684210526317,NA,4,NA,0.13123359580052493
4,2021-12-01T00:00:00Z,3039,2410,79.3024021059559,194,30.842607313195547,54,8.585055643879173,NA,3,NA,0.09871668311944717
4,2022-01-01T00:00:00Z,2984,2370,79.42359249329759,189,30.781758957654727,42,6.840390879478828,NA,2,NA,0.06702412868632708
4,2022-02-01T00:00:00Z,2843,2235,78.61413999296518,176,28.947368421052634,36,5.921052631578947,11,4,0.38691523039043263,0.14069644741470277
4,2022-03-01T00:00:00Z,3151,2554,81.05363376705807,171,28.643216080402013,44,7.370184254606365,17,1,0.5395112662646779,0.031735956839098696
4,2022-04-01T00:00:00Z,2838,2315,81.57152924594784,193,36.90248565965583,68,13.001912045889103,18,2,0.6342494714587738,0.07047216349541931
4,2022-05-01T00:00:00Z,3367,2831,84.08078408078407,160,29.850746268656714,38,7.08955223880597,18,4,0.5346005346005346,0.11880011880011879
4,2022-06-01T00:00:00Z,3193,2646,82.86877544628875,168,30.712979890310788,40,7.312614259597806,16,2,0.5010961478233636,0.06263701847792046
4,2022-07-01T00:00:00Z,3082,2545,82.57624918883842,180,33.5195530726257,37,6.890130353817504,13,2,0.42180402336145356,0.06489292667099286
4,2022-08-01T00:00:00Z,3210,2577,80.28037383177569,183,28.90995260663507,41,6.477093206951026,9,2,0.2803738317757009,0.06230529595015576
4,2022-09-01T00:00:00Z,3049,2417,79.2718924237455,185,29.27215189873418,46,7.2784810126582276,27,3,0.8855362413906199,0.09839291571006888
4,2022-10-01T00:00:00Z,3250,2654,81.66153846153847,176,29.53020134228188,39,6.543624161073826,20,1,0.6153846153846154,0.03076923076923077
4,2022-11-01T00:00:00Z,2982,2375,79.64453386988598,202,33.27841845140033,43,7.0840197693574956,19,6,0.6371562709590879,0.2012072434607646
4,2022-12-01T00:00:00Z,3009,2370,78.76370887337985,204,31.92488262910798,45,7.042253521126761,17,2,0.5649717514124294,0.06646726487205051
4,2023-01-01T00:00:00Z,3033,2343,77.25024727992087,239,34.63768115942029,65,9.420289855072465,13,5,0.42861852950873724,0.16485328058028356
4,2023-02-01T00:00:00Z,2845,2234,78.52372583479789,181,29.623567921440262,39,6.382978723404255,16,16,0.562390158172232,0.562390158172232
4,2023-03-01T00:00:00Z,3455,2663,77.0767004341534,236,29.797979797979796,56,7.07070707070707,31,8,0.8972503617945007,0.23154848046309695
4,2023-04-01T00:00:00Z,3251,2566,78.92956013534297,200,29.1970802919708,63,9.197080291970803,23,3,0.7074746231928638,0.09227929867733005
4,2023-05-01T00:00:00Z,3402,2716,79.83539094650206,219,31.924198250728864,56,8.16326530612245,20,7,0.5878894767783657,0.205761316872428
4,2023-06-01T00:00:00Z,3388,2773,81.84769775678866,195,31.70731707317073,45,7.317073170731707,10,5,0.29515938606847697,0.14757969303423848
4,2023-07-01T00:00:00Z,3694,3073,83.18895506226312,188,30.273752012882447,46,7.4074074074074066,15,2,0.4060638873849486,0.05414185165132648
4,2023-08-01T00:00:00Z,3426,2893,84.4424985405721,101,18.94934333958724,24,4.50281425891182,13,2,0.37945125510799765,0.05837711617046118
4,2023-09-01T00:00:00Z,3497,3041,86.96025164426652,77,16.885964912280702,12,2.631578947368421,7,5,0.20017157563625965,0.14297969688304263
4,2023-10-01T00:00:00Z,3582,3071,85.73422668900056,86,16.829745596868882,22,4.305283757338552,9,14,0.25125628140703515,0.3908431044109436
4,2023-11-01T00:00:00Z,3340,2745,82.18562874251496,96,16.134453781512605,21,3.5294117647058822,10,17,0.29940119760479045,0.5089820359281437
4,2023-12-01T00:00:00Z,3516,2964,84.30034129692832,96,17.391304347826086,19,3.4420289855072466,9,8,0.25597269624573377,0.22753128555176336
4,2024-01-01T00:00:00Z,3370,2775,82.34421364985162,117,19.66386554621849,23,3.865546218487395,15,6,0.44510385756676557,0.17804154302670622
4,2024-02-01T00:00:00Z,3274,2648,80.87965791081247,141,22.523961661341854,33,5.271565495207668,12,14,0.3665241295051924,0.42761148442272445
4,2024-03-01T00:00:00Z,3358,2697,80.31566408576533,193,29.1981845688351,41,6.202723146747353,21,7,0.6253722453841573,0.2084574151280524
4,2024-04-01T00:00:00Z,3389,2736,80.73177928592506,226,34.60949464012251,50,7.656967840735068,17,6,0.5016228976099144,0.17704337562702863
4,2024-05-01T00:00:00Z,3541,2861,80.79638520192036,247,36.3235294117647,60,8.823529411764707,39,11,1.1013837898898615,0.31064670996893534
4,2024-06-01T00:00:00Z,3421,2863,83.68897983045893,174,31.182795698924732,44,7.885304659498208,26,6,0.7600116924875767,0.17538731365097923
4,2024-07-01T00:00:00Z,3550,2897,81.6056338028169,173,26.493108728943337,41,6.278713629402756,19,5,0.5352112676056338,0.14084507042253522
4,2024-08-01T00:00:00Z,3566,2881,80.79080201906899,183,26.71532846715328,36,5.255474452554744,11,2,0.3084688726864835,0.056085249579360626
4,2024-09-01T00:00:00Z,3514,2822,80.30734206033011,202,29.190751445086704,41,5.924855491329479,23,5,0.6545247581104154,0.14228799089356858
4,2024-10-01T00:00:00Z,3603,2856,79.26727726894255,206,27.57697456492637,47,6.291834002677376,36,9,0.9991673605328892,0.2497918401332223
4,2024-11-01T00:00:00Z,3239,2605,80.42605742513122,191,30.126182965299687,46,7.255520504731862,25,2,0.7718431614695893,0.06174745291756715
4,2024-12-01T00:00:00Z,3276,2629,80.25030525030526,196,30.29366306027821,62,9.582689335394127,30,9,0.9157509157509158,0.27472527472527475
4,2025-01-01T00:00:00Z,2946,2430,82.4847250509165,165,31.976744186046513,38,7.3643410852713185,7,4,0.23761031907671418,0.1357773251866938
4,2025-02-01T00:00:00Z,2687,2191,81.54075176777074,161,32.45967741935484,38,7.661290322580645,22,7,0.8187569780424265,0.2605135839225903
4,2025-03-01T00:00:00Z,3077,2453,79.72050698732531,200,32.05128205128205,43,6.891025641025641,36,7,1.1699707507312318,0.22749431264218392
4,2025-04-01T00:00:00Z,2861,2323,81.1953862285914,178,33.08550185873606,47,8.736059479553903,18,3,0.6291506466270534,0.10485844110450893
4,2025-05-01T00:00:00Z,3269,2706,82.77760783114103,187,33.214920071047956,38,6.74955595026643,23,5,0.7035790761700825,0.15295197308045275
4,2025-06-01T00:00:00Z,3216,2670,83.02238805970148,190,34.798534798534796,44,8.058608058608058,30,5,0.9328358208955223,0.1554726368159204
4,2025-07-01T00:00:00Z,3244,2699,83.19975339087546,160,29.357798165137616,28,5.137614678899083,32,2,0.9864364981504316,0.06165228113440197
4,2025-08-01T00:00:00Z,3242,2664,82.17149907464528,173,29.93079584775086,34,5.88235294117647,18,1,0.5552128315854411,0.030845157310302282
4,2025-09-01T00:00:00Z,3050,2472,81.04918032786885,194,33.56401384083045,45,7.7854671280276815,14,5,0.45901639344262296,0.16393442622950818
4,2025-10-01T00:00:00Z,3109,2552,82.08427146992602,193,34.64991023339318,43,7.719928186714542,16,2,0.5146349308459311,0.0643293663557414
4,2025-11-01T00:00:00Z,2915,2390,81.98970840480274,177,33.714285714285715,39,7.428571428571429,15,1,0.5145797598627788,0.03430531732418524
4,2025-12-01T00:00:00Z,2938,2441,83.08373042886316,166,33.400402414486926,38,7.645875251509055,16,NA,0.5445881552076242,NA
4,2026-01-01T00:00:00Z,2844,2271,79.85232067510549,216,37.696335078534034,33,5.7591623036649215,13,4,0.4571026722925457,0.14064697609001406
4,2026-02-01T00:00:00Z,1629,1432,87.90669122160834,79,40.10152284263959,20,10.152284263959391,7,NA,0.42971147943523635,NA
5,2017-04-01T00:00:00Z,2030,1776,87.48768472906404,92,36.22047244094488,23,9.05511811023622,NA,NA,NA,NA
5,2017-05-01T00:00:00Z,2704,2311,85.46597633136095,136,34.605597964376585,36,9.16030534351145,NA,1,NA,0.03698224852071006
5,2017-06-01T00:00:00Z,2726,2321,85.1430667644901,123,30.37037037037037,33,8.148148148148149,NA,NA,NA,NA
5,2017-07-01T00:00:00Z,2767,2383,86.12215395735453,107,27.864583333333332,26,6.770833333333333,NA,NA,NA,NA
5,2017-08-01T00:00:00Z,2641,2256,85.42218856493753,120,31.16883116883117,40,10.38961038961039,NA,2,NA,0.07572889057175312
5,2017-09-01T00:00:00Z,2554,2125,83.20281910728269,135,31.46853146853147,40,9.324009324009324,NA,NA,NA,NA
5,2017-10-01T00:00:00Z,2692,2185,81.16641901931649,151,29.78303747534517,49,9.664694280078894,NA,NA,NA,NA
5,2017-11-01T00:00:00Z,2527,2083,82.42975860704392,115,25.900900900900904,28,6.306306306306306,NA,1,NA,0.03957261574990107
5,2017-12-01T00:00:00Z,2379,2040,85.750315258511975,94,27.728613569321535,24,7.079646017699115,NA,NA,NA,NA
5,2018-01-01T00:00:00Z,2281,1935,84.83121437965805,110,31.79190751445087,33,9.53757225433526,NA,1,NA,0.04384042086804033
5,2018-02-01T00:00:00Z,2040,1718,84.2156862745098,90,27.95031055900621,30,9.316770186335404,NA,NA,NA,NA
5,2018-03-01T00:00:00Z,2258,1916,84.85385296722764,113,33.04093567251462,38,11.11111111111111,NA,NA,NA,NA
5,2018-04-01T00:00:00Z,2291,1894,82.67132256656483,124,31.234256926952142,35,8.816120906801007,NA,NA,NA,NA
5,2018-05-01T00:00:00Z,2621,2212,84.39526898130485,124,30.317848410757946,38,9.290953545232274,NA,1,NA,0.03815337657382679
5,2018-06-01T00:00:00Z,2573,2127,82.66614846482705,122,27.3542600896861,34,7.623318385650224,NA,1,NA,0.0388651379712398
5,2018-07-01T00:00:00Z,2586,2130,82.36658932714617,174,38.15789473684211,42,9.210526315789473,NA,4,NA,0.15467904098994587
5,2018-08-01T00:00:00Z,2456,2050,83.46905537459284,153,37.68472906403941,39,9.60591133004926,NA,NA,NA,NA
5,2018-09-01T00:00:00Z,2321,1913,82.42137009909521,161,39.46078431372549,48,11.76470588235294,NA,2,NA,0.08616975441619991
5,2018-10-01T00:00:00Z,2496,2046,81.97115384615384,171,38,42,9.333333333333334,NA,NA,NA,NA
5,2018-11-01T00:00:00Z,2340,1957,83.63247863247864,130,33.94255874673629,22,5.7441253263707575,NA,NA,NA,NA
5,2018-12-01T00:00:00Z,2254,1850,82.07630878438333,133,32.92079207920792,50,12.376237623762377,NA,1,NA,0.044365572315882874
5,2019-01-01T00:00:00Z,2133,1786,83.7318330989217,106,30.547550432276655,25,7.204610951008646,NA,NA,NA,NA
5,2019-02-01T00:00:00Z,1931,1625,84.15328845157948,105,34.31372549019608,34,11.11111111111111,NA,2,NA,0.10357327809425168
5,2019-03-01T00:00:00Z,2213,1841,83.19023949389968,126,33.87096774193548,35,9.408602150537634,NA,2,NA,0.09037505648441031
5,2019-04-01T00:00:00Z,2332,1952,83.704974271012,136,35.78947368421053,54,14.210526315789473,NA,NA,NA,NA
5,2019-05-01T00:00:00Z,2502,2138,85.45163868904876,119,32.69230769230769,40,10.989010989010989,NA,3,NA,0.1199040767386091
5,2019-06-01T00:00:00Z,2287,1946,85.08963707914297,122,35.77712609970675,45,13.196480938416421,NA,NA,NA,NA
5,2019-07-01T00:00:00Z,2339,1988,84.99358700299273,118,33.61823361823362,34,9.686609686609685,NA,2,NA,0.08550662676357418
5,2019-08-01T00:00:00Z,2178,1827,83.88429752066115,105,29.914529914529915,32,9.116809116809117,NA,2,NA,0.09182736455463728
5,2019-09-01T00:00:00Z,2118,1771,83.6166194523135,123,35.44668587896253,28,8.069164265129682,NA,NA,NA,NA
5,2019-10-01T00:00:00Z,2176,1828,84.00735294117648,109,31.321839080459768,31,8.908045977011495,NA,1,NA,0.04595588235294117
5,2019-11-01T00:00:00Z,2076,1752,84.39306358381504,110,33.95061728395062,23,7.098765432098765,NA,NA,NA,NA
5,2019-12-01T00:00:00Z,2081,1705,81.93176357520423,125,33.244680851063826,43,11.436170212765957,NA,1,NA,0.04805382027871216
5,2020-01-01T00:00:00Z,2007,1656,82.51121076233184,100,28.49002849002849,25,7.122507122507122,NA,1,NA,0.04982561036372695
5,2020-02-01T00:00:00Z,1877,1522,81.08684070324986,122,34.36619718309859,24,6.760563380281689,NA,1,NA,0.05327650506126798
5,2020-03-01T00:00:00Z,2052,1672,81.48148148148148,123,32.36842105263158,27,7.105263157894736,NA,1,NA,0.04873294346978557
5,2020-04-01T00:00:00Z,1750,1434,81.94285714285714,100,31.645569620253166,32,10.126582278481013,NA,1,NA,0.05714285714285715
5,2020-05-01T00:00:00Z,2089,1717,82.19243657252274,125,33.60215053763441,42,11.29032258064516,NA,NA,NA,NA
5,2020-06-01T00:00:00Z,2042,1658,81.1949069539667,110,28.645833333333332,26,6.770833333333333,NA,3,NA,0.14691478942213515
5,2020-07-01T00:00:00Z,2286,1848,80.83989501312337,130,29.68036529680365,30,6.8493150684931505,NA,NA,NA,NA
5,2020-08-01T00:00:00Z,2233,1818,81.41513658755038,115,27.710843373493976,35,8.433734939759036,NA,5,NA,0.22391401701746527
5,2020-09-01T00:00:00Z,2154,1752,81.33704735376045,116,28.855721393034827,28,6.965174129353234,NA,1,NA,0.04642525533890436
5,2020-10-01T00:00:00Z,2136,1732,81.08614232209737,113,27.970297029702973,41,10.14851485148515,NA,2,NA,0.09363295880149813
5,2020-11-01T00:00:00Z,2107,1701,80.73089700996677,111,27.339901477832512,21,5.172413793103448,NA,1,NA,0.04746084480303749
5,2020-12-01T00:00:00Z,1986,1587,79.90936555891238,109,27.31829573934837,45,11.278195488721805,NA,2,NA,0.10070493454179255
5,2021-01-01T00:00:00Z,1941,1535,79.0829469345698,127,31.2807881773399,42,10.344827586206897,NA,1,NA,0.05151983513652757
5,2021-02-01T00:00:00Z,1625,1267,77.96923076923076,101,28.212290502793298,28,7.82122905027933,NA,1,NA,0.06153846153846154
5,2021-03-01T00:00:00Z,1973,1570,79.57425240750126,119,29.528535980148884,22,5.459057071960298,NA,NA,NA,NA
5,2021-04-01T00:00:00Z,1978,1588,80.28311425682507,109,27.94871794871795,29,7.435897435897436,NA,1,NA,0.05055611729019212
5,2021-05-01T00:00:00Z,2127,1678,78.89045604137283,136,30.28953229398664,39,8.68596881959911,NA,3,NA,0.14104372355430184
5,2021-06-01T00:00:00Z,2216,1793,80.91155234657039,132,31.20567375886525,35,8.274231678486997,NA,1,NA,0.04512635379061372
5,2021-07-01T00:00:00Z,2260,1815,80.30973451327434,138,31.011235955056183,39,8.764044943820224,NA,3,NA,0.1327433628318584
5,2021-08-01T00:00:00Z,2131,1748,82.02721726888784,112,29.242819843342037,19,4.960835509138381,NA,NA,NA,NA
5,2021-09-01T00:00:00Z,2089,1654,79.17663954044998,125,28.735632183908045,33,7.586206896551724,NA,2,NA,0.09573958831977022
5,2021-10-01T00:00:00Z,2386,1896,79.46353730092206,131,26.73469387755102,48,9.795918367346939,NA,NA,NA,NA
5,2021-11-01T00:00:00Z,2072,1642,79.24710424710425,120,27.906976744186046,34,7.906976744186046,NA,4,NA,0.19305019305019305
5,2021-12-01T00:00:00Z,2053,1674,81.53921091086215,121,31.926121372031663,24,6.33245382585752,NA,3,NA,0.14612761811982464
5,2022-01-01T00:00:00Z,1783,1439,80.70667414469995,102,29.651162790697676,24,6.976744186046512,NA,NA,NA,NA
5,2022-02-01T00:00:00Z,1819,1416,77.84496976360637,126,31.265508684863523,28,6.9478908188585615,NA,2,NA,0.10995052226498077
5,2022-03-01T00:00:00Z,1954,1510,77.27737973387923,131,29.504504504504503,32,7.207207207207207,7,3,0.35823950870010235,0.15353121801432956
5,2022-04-01T00:00:00Z,2085,1645,78.8968824940048,122,27.727272727272727,25,5.681818181818182,2,3,0.09592326139088729,0.14388489208633093
5,2022-05-01T00:00:00Z,2294,1850,80.64516129032258,133,29.954954954954953,33,7.4324324324324325,3,4,0.13077593722755013,0.17436791630340018
5,2022-06-01T00:00:00Z,2219,1754,79.04461469130239,151,32.47311827956989,30,6.451612903225806,4,NA,0.18026137899954936,NA
5,2022-07-01T00:00:00Z,2170,1741,80.23041474654377,132,30.76923076923077,33,7.6923076923076925,2,NA,0.09216589861751152,NA
5,2022-08-01T00:00:00Z,2120,1719,81.08490566037736,122,30.423940149625935,34,8.478802992518704,2,1,0.09433962264150944,0.04716981132075472
5,2022-09-01T00:00:00Z,2069,1640,79.26534557757371,143,33.33333333333333,40,9.324009324009324,6,NA,0.28999516674722087,NA
5,2022-10-01T00:00:00Z,2213,1811,81.83461364663353,122,30.34825870646766,36,8.955223880597014,10,3,0.4518752824220515,0.13556258472661548
5,2022-11-01T00:00:00Z,2058,1641,79.73760932944607,127,30.455635491606714,31,7.434052757793765,5,1,0.24295432458697766,0.048590864917395525
5,2022-12-01T00:00:00Z,2039,1662,81.5105443845022,121,32.09549071618037,45,11.936339522546419,5,2,0.24521824423737126,0.0980872976949485
5,2023-01-01T00:00:00Z,1981,1587,80.1110550227158,137,34.77157360406091,40,10.152284263959391,9,2,0.4543160020191822,0.10095911155981827
5,2023-02-01T00:00:00Z,1752,1376,78.53881278538812,125,33.244680851063826,28,7.446808510638298,6,3,0.3424657534246575,0.17123287671232876
5,2023-03-01T00:00:00Z,2076,1634,78.70905587668592,160,36.199095022624434,46,10.407239819004525,9,4,0.4335260115606936,0.1926782273603083
5,2023-04-01T00:00:00Z,2009,1590,79.14385266301642,147,35.08353221957041,46,10.978520286396181,6,7,0.2986560477849677,0.34843205574912894
5,2023-05-01T00:00:00Z,2147,1669,77.73637633907778,162,33.89121338912134,43,8.99581589958159,10,5,0.4657661853749418,0.2328830926874709
5,2023-06-01T00:00:00Z,2165,1694,78.24480369515011,150,31.84713375796178,43,9.129511677282377,3,4,0.13856812933025403,0.18475750577367206
5,2023-07-01T00:00:00Z,2102,1712,81.44624167459563,117,30,27,6.923076923076923,1,2,0.04757373929590866,0.09514747859181732
5,2023-08-01T00:00:00Z,2029,1666,82.10941350418925,68,18.732782369146005,10,2.7548209366391188,5,4,0.2464268112370626,0.19714144898965008
5,2023-09-01T00:00:00Z,2105,1807,85.84323040380048,56,18.79194630872483,8,2.684563758389262,3,8,0.14251781472684086,0.38004750593824227
5,2023-10-01T00:00:00Z,2216,1839,82.98736462093864,80,21.220159151193634,16,4.244031830238726,2,9,0.09025270758122744,0.4061371841155234
5,2023-11-01T00:00:00Z,2085,1733,83.11750599520383,57,16.193181818181817,17,4.829545454545454,8,7,0.38369304556354916,0.3357314148681055
5,2023-12-01T00:00:00Z,2107,1774,84.19553868058851,73,21.92192192192192,11,3.303303303303303,3,4,0.14238253440911247,0.18984337921214997
5,2024-01-01T00:00:00Z,1978,1660,83.9231547017189,71,22.32704402515723,10,3.1446540880503147,3,7,0.15166835187057634,0.3538928210313448
5,2024-02-01T00:00:00Z,1918,1606,83.73305526590198,87,27.884615384615387,21,6.730769230769231,7,10,0.36496350364963503,0.5213764337851928
5,2024-03-01T00:00:00Z,2093,1673,79.93311036789298,134,31.9047619047619,30,7.142857142857142,8,5,0.3822264691829909,0.23889154323936934
5,2024-04-01T00:00:00Z,2097,1610,76.77634716261326,178,36.55030800821355,40,8.213552361396303,3,7,0.14306151645207438,0.33381020505484027
5,2024-05-01T00:00:00Z,2310,1761,76.23376623376623,166,30.2367941712204,45,8.19672131147541,12,6,0.5194805194805194,0.2597402597402597
5,2024-06-01T00:00:00Z,2220,1792,80.72072072072072,141,32.94392523364486,37,8.644859813084112,3,5,0.13513513513513514,0.22522522522522523
5,2024-07-01T00:00:00Z,2060,1676,81.35922330097087,127,33.07291666666667,29,7.552083333333333,4,NA,0.1941747572815534,NA
5,2024-08-01T00:00:00Z,2082,1666,80.01921229586935,153,36.77884615384615,35,8.413461538461538,6,2,0.2881844380403458,0.09606147934678194
5,2024-09-01T00:00:00Z,2120,1664,78.49056603773586,177,38.81578947368421,33,7.236842105263158,3,4,0.14150943396226415,0.18867924528301888
5,2024-10-01T00:00:00Z,2129,1719,80.74213245655237,107,26.097560975609756,25,6.097560975609756,6,3,0.2818224518553311,0.14091122592766556
5,2024-11-01T00:00:00Z,1932,1602,82.91925465838509,97,29.393939393939394,15,4.545454545454546,3,NA,0.15527950310559005,NA
5,2024-12-01T00:00:00Z,1969,1583,80.3961401726765,122,31.606217616580313,27,6.994818652849741,6,6,0.30472320975114275,0.30472320975114275
5,2025-01-01T00:00:00Z,1929,1560,80.87091757387248,117,31.70731707317073,30,8.130081300813007,3,11,0.15552099533437014,0.5702436495593572
5,2025-02-01T00:00:00Z,1623,1313,80.89956869993838,99,31.93548387096774,21,6.774193548387098,3,NA,0.18484288354898337,NA
5,2025-03-01T00:00:00Z,2019,1588,78.65279841505696,135,31.322505800464036,27,6.2645011600928076,6,1,0.2971768202080238,0.049529470034670627
5,2025-04-01T00:00:00Z,1965,1535,78.11704834605598,144,33.48837209302326,33,7.674418604651163,4,2,0.2035623409669211,0.10178117048346055
5,2025-05-01T00:00:00Z,2258,1778,78.7422497785651,144,30,27,5.625,8,5,0.354295837023915,0.22143489813994688
5,2025-06-01T00:00:00Z,2151,1703,79.17247791724779,126,28.125,26,5.803571428571429,4,NA,0.18596001859600186,NA
5,2025-07-01T00:00:00Z,2108,1721,81.64136622390892,127,32.81653746770026,27,6.976744186046512,5,NA,0.23719165085388993,NA
5,2025-08-01T00:00:00Z,2111,1646,77.97252486972998,177,38.064516129032256,35,7.526881720430108,4,4,0.18948365703458078,0.18948365703458078
5,2025-09-01T00:00:00Z,2018,1583,78.44400396432111,129,29.655172413793103,29,6.666666666666667,1,3,0.049554013875123884,0.14866204162537167
5,2025-10-01T00:00:00Z,2050,1652,80.58536585365854,146,36.68341708542713,31,7.788944723618091,9,5,0.4390243902439025,0.24390243902439024
5,2025-11-01T00:00:00Z,1862,1473,79.10848549946294,140,35.98971722365039,26,6.683804627249357,1,2,0.05370569280343716,0.10741138560687433
5,2025-12-01T00:00:00Z,2085,1671,80.14388489208632,151,36.473429951690825,33,7.971014492753622,10,3,0.4796163069544364,0.14388489208633093
5,2026-01-01T00:00:00Z,1832,1475,80.51310043668121,133,37.254901960784316,25,7.002801120448179,9,3,0.49126637554585156,0.16375545851528384
5,2026-02-01T00:00:00Z,1042,898,86.18042226487525,68,47.22222222222222,16,11.11111111111111,2,NA,0.19193857965451055,NA
6,2017-04-01T00:00:00Z,2679,2286,85.33034714445688,107,27.2264631043257,33,8.396946564885496,NA,NA,NA,NA
6,2017-05-01T00:00:00Z,3518,2958,84.08186469584992,136,24.285714285714285,35,6.25,NA,1,NA,0.02842524161455372
6,2017-06-01T00:00:00Z,3618,3128,86.45660585959092,144,29.38775510204082,51,10.408163265306122,NA,3,NA,0.08291873963515754
6,2017-07-01T00:00:00Z,3714,3192,85.94507269789983,137,26.245210727969347,32,6.130268199233716,NA,NA,NA,NA
6,2017-08-01T00:00:00Z,3411,2874,84.25681618293756,145,27.001862197392924,47,8.752327746741155,NA,2,NA,0.05863383172090296
6,2017-09-01T00:00:00Z,3399,2839,83.52456604883788,163,29.107142857142858,49,8.75,NA,3,NA,0.088261253309797
6,2017-10-01T00:00:00Z,3502,2977,85.00856653340948,138,26.285714285714285,41,7.809523809523809,NA,2,NA,0.05711022272986865
6,2017-11-01T00:00:00Z,3203,2672,83.42179206993444,141,26.55367231638418,41,7.721280602636535,NA,NA,NA,NA
6,2017-12-01T00:00:00Z,3093,2604,84.19010669253151,162,33.12883435582822,49,10.020449897750511,NA,1,NA,0.032331070158422244
6,2018-01-01T00:00:00Z,3028,2590,85.53500660501982,144,32.87671232876712,38,8.67579908675799,NA,NA,NA,NA
6,2018-02-01T00:00:00Z,2666,2261,84.80870217554389,124,30.617283950617285,32,7.901234567901234,NA,1,NA,0.037509377344336084
6,2018-03-01T00:00:00Z,2936,2517,85.72888283378747,148,35.32219570405728,43,10.26252983293556,NA,1,NA,0.03405994550408719
6,2018-04-01T00:00:00Z,3075,2643,85.95121951219512,134,31.01851851851852,27,6.25,NA,NA,NA,NA
6,2018-05-01T00:00:00Z,3293,2817,85.5450956574552,131,27.521008403361346,42,8.823529411764707,NA,1,NA,0.03036744609778318
6,2018-06-01T00:00:00Z,3309,2900,87.63977032336054,118,28.850855745721272,39,9.5354523227383865,NA,NA,NA,NA
6,2018-07-01T00:00:00Z,3209,2671,83.234652539732,164,30.483271375464682,42,7.806691449814126,NA,NA,NA,NA
6,2018-08-01T00:00:00Z,3119,2574,82.52645078550817,167,30.642201834862387,47,8.623853211009175,NA,NA,NA,NA
6,2018-09-01T00:00:00Z,2917,2472,84.74460061707234,124,27.86516853932584,31,6.96629213483146,NA,NA,NA,NA
6,2018-10-01T00:00:00Z,3134,2600,82.96107211231653,182,34.08239700374532,52,9.737827715355806,NA,1,NA,0.031908104658583285
6,2018-11-01T00:00:00Z,2869,2387,83.19972115719763,137,28.42323651452282,34,7.053941908713693,NA,1,NA,0.03485535029627048
6,2018-12-01T00:00:00Z,2917,2422,83.03051079876586,174,35.15151515151515,45,9.090909090909092,NA,1,NA,0.03428179636612959
6,2019-01-01T00:00:00Z,2788,2334,83.71592539454807,151,33.259911894273124,41,9.030837004405285,NA,NA,NA,NA
6,2019-02-01T00:00:00Z,2646,2179,82.35071806500378,162,34.68950749464668,49,10.492505353319057,NA,NA,NA,NA
6,2019-03-01T00:00:00Z,2863,2370,82.78030038421237,177,35.902636916835704,56,11.359026369168356,NA,1,NA,0.0349283967865875
6,2019-04-01T00:00:00Z,3085,2574,83.43598055105348,181,35.42074363992172,51,9.980430528375733,NA,1,NA,0.03241491085899514
6,2019-05-01T00:00:00Z,3379,2804,82.98313110387689,180,31.30434782608696,57,9.91304347826087,NA,1,NA,0.029594554601953243
6,2019-06-01T00:00:00Z,3096,2583,83.43023255813954,147,28.654970760233915,59,11.500974658869396,NA,NA,NA,NA
6,2019-07-01T00:00:00Z,3106,2553,82.19575016097875,185,33.45388788426763,55,9.945750452079565,NA,NA,NA,NA
6,2019-08-01T00:00:00Z,3123,2530,81.01184758245277,172,29.00505902192243,55,9.27487352445194,NA,1,NA,0.032020493115593976
6,2019-09-01T00:00:00Z,2941,2392,81.33287997279837,161,29.326047358834245,43,7.832422586520947,NA,1,NA,0.034002040122407345
6,2019-10-01T00:00:00Z,3121,2560,82.02499198974688,161,28.698752228163993,48,8.55614973262032,NA,NA,NA,NA
6,2019-11-01T00:00:00Z,2809,2322,82.6628693485226,141,28.952772073921974,44,9.034907597535934,NA,1,NA,0.0355998576005696
6,2019-12-01T00:00:00Z,2900,2419,83.41379310344827,153,31.80873180873181,57,11.85031185031185,NA,NA,NA,NA
6,2020-01-01T00:00:00Z,2790,2257,80.89605734767025,180,33.771106941838646,48,9.00562851782364,NA,NA,NA,NA
6,2020-02-01T00:00:00Z,2607,2136,81.93325661680092,160,33.97027600849257,41,8.70488322717622,NA,1,NA,0.038358266206367474
6,2020-03-01T00:00:00Z,2810,2291,81.53024911032028,151,29.09441233140655,46,8.863198458574182,NA,NA,NA,NA
6,2020-04-01T00:00:00Z,2415,1980,81.98757763975155,131,30.114942528735632,44,10.114942528735632,NA,1,NA,0.041407867494824016
6,2020-05-01T00:00:00Z,2554,2128,83.32028191072827,133,31.220657276995308,34,7.981220657276995,NA,NA,NA,NA
6,2020-06-01T00:00:00Z,2756,2248,81.56748911465893,143,28.1496062992126,43,8.46456692913386,NA,5,NA,0.18142235123367198
6,2020-07-01T00:00:00Z,2870,2322,80.90592334494774,169,30.83941605839416,46,8.394160583941606,NA,1,NA,0.03484320557491289
6,2020-08-01T00:00:00Z,2922,2297,78.61054072553046,175,28.000000000000004,49,7.84,NA,NA,NA,NA
6,2020-09-01T00:00:00Z,2742,2211,80.63457330415756,149,28.06026365348399,51,9.6045197740113,NA,2,NA,0.07293946024799416
6,2020-10-01T00:00:00Z,2717,2160,79.49944792050056,177,31.77737881508079,48,8.617594254937163,NA,NA,NA,NA
6,2020-11-01T00:00:00Z,2716,2149,79.12371134020619,152,26.807760141093475,52,9.171075837742503,NA,3,NA,0.11045655375552282
6,2020-12-01T00:00:00Z,2581,2030,78.65168539325843,175,31.76043557168784,53,9.618874773139746,NA,1,NA,0.03874467260751647
6,2021-01-01T00:00:00Z,2455,1937,78.90020366598777,134,25.868725868725868,40,7.722007722007722,NA,1,NA,0.04073319755600815
6,2021-02-01T00:00:00Z,2151,1674,77.82426778242679,150,31.446540880503143,41,8.59538784067086,NA,NA,NA,NA
6,2021-03-01T00:00:00Z,2635,2101,79.73434535104364,163,30.52434456928839,60,11.235955056179774,NA,4,NA,0.15180265654648956
6,2021-04-01T00:00:00Z,2565,2026,78.98635477582846,192,35.621521335807046,60,11.131725417439704,NA,2,NA,0.07797270955165692
6,2021-05-01T00:00:00Z,2929,2378,81.1881188118812,188,34.11978221415608,46,8.348457350272232,NA,NA,NA,NA
6,2021-06-01T00:00:00Z,2774,2243,80.85796683489545,167,31.45009416195857,48,9.03954802259887,NA,2,NA,0.07209805335255948
6,2021-07-01T00:00:00Z,2826,2318,82.02406227883935,172,33.85826771653544,44,8.661417322834646,NA,NA,NA,NA
6,2021-08-01T00:00:00Z,2768,2240,80.92485549132948,165,31.25,42,7.954545454545454,NA,NA,NA,NA
6,2021-09-01T00:00:00Z,2723,2187,80.31582813073815,169,31.529850746268657,60,11.194029850746269,NA,NA,NA,NA
6,2021-10-01T00:00:00Z,3014,2425,80.45786330457864,181,30.730050933786078,49,8.31918505942275,NA,3,NA,0.09953550099535502
6,2021-11-01T00:00:00Z,2649,2150,81.16270290675726,172,34.46893787575151,36,7.214428857715431,NA,NA,NA,NA
6,2021-12-01T00:00:00Z,2560,2069,80.8203125,158,32.17922606924644,43,8.757637474541752,NA,NA,NA,NA
6,2022-01-01T00:00:00Z,2349,1868,79.52320136228182,164,34.0956340956341,55,11.434511434511435,NA,NA,NA,NA
6,2022-02-01T00:00:00Z,2413,1898,78.6572731040199,145,28.155339805825243,46,8.932038834951456,6,2,0.24865312888520513,0.08288437629506838
6,2022-03-01T00:00:00Z,2552,2018,79.07523510971787,170,31.835205992509362,54,10.112359550561797,18,NA,0.7053291536050157,NA
6,2022-04-01T00:00:00Z,2593,2097,80.87157732356344,159,32.056451612903224,48,9.67741935483871,18,2,0.6941766293868107,0.07713073659853452
6,2022-05-01T00:00:00Z,2797,2296,82.0879513764748,180,35.92814371257485,61,12.17564870259481,13,NA,0.4647836968180193,NA
6,2022-06-01T00:00:00Z,2879,2308,80.1667245571379,195,34.15061295971979,64,11.208406304728546,21,1,0.729419937478291,0.03473428273706148
6,2022-07-01T00:00:00Z,2936,2366,80.5858310626703,181,31.75438596491228,48,8.421052631578947,30,1,1.021798365122616,0.03405994550408719
6,2022-08-01T00:00:00Z,2893,2276,78.67265814033874,191,30.956239870340358,58,9.40032414910859,13,NA,0.44936052540615284,NA
6,2022-09-01T00:00:00Z,2719,2131,78.37440235380654,177,30.102040816326532,60,10.204081632653061,12,NA,0.4413387274733358,NA
6,2022-10-01T00:00:00Z,2901,2287,78.83488452257842,172,28.013029315960914,43,7.0032573289902285,14,NA,0.48259220958290244,NA
6,2022-11-01T00:00:00Z,2773,2297,82.83447529751172,149,31.30252100840336,31,6.512605042016808,11,NA,0.3966822935448972,NA
6,2022-12-01T00:00:00Z,2770,2234,80.64981949458485,162,30.223880597014922,51,9.514925373134329,19,NA,0.6859205776173285,NA
6,2023-01-01T00:00:00Z,2737,2142,78.26086956521739,170,28.57142857142857,51,8.571428571428571,10,2,0.36536353671903543,0.07307270734380708
6,2023-02-01T00:00:00Z,2588,2073,80.10046367851623,182,35.33980582524272,63,12.233009708737864,7,1,0.2704791344667697,0.03863987635239567
6,2023-03-01T00:00:00Z,2943,2313,78.59327217125383,202,32.06349206349206,61,9.682539682539684,16,1,0.5436629289840299,0.03397893306150187
6,2023-04-01T00:00:00Z,2715,2214,81.54696132596685,173,34.5309381237525,56,11.177644710578843,8,3,0.29465930018416203,0.11049723756906078
6,2023-05-01T00:00:00Z,3067,2424,79.03488751222693,202,31.41524105754277,56,8.709175738724728,14,4,0.45647212259537007,0.13042060645582002
6,2023-06-01T00:00:00Z,3134,2495,79.61072112316529,180,28.169014084507044,48,7.511737089201878,5,5,0.1595405232929164,0.1595405232929164
6,2023-07-01T00:00:00Z,3148,2642,83.92630241423126,107,21.14624505928854,35,6.91699604743083,9,3,0.28589580686149935,0.09529860228716645
6,2023-08-01T00:00:00Z,3205,2666,83.18252730109205,98,18.181818181818183,26,4.823747680890538,13,2,0.40561622464898595,0.062402496099843996
6,2023-09-01T00:00:00Z,3066,2597,84.70319634703196,82,17.48400852878465,19,4.051172707889126,4,NA,0.1304631441617743,NA
6,2023-10-01T00:00:00Z,3332,2670,80.13205282112845,84,12.688821752265861,22,3.3232628398791544,9,1,0.27010804321728693,0.030012004801920768
6,2023-11-01T00:00:00Z,3049,2570,84.28993112495901,74,15.44885177453027,14,2.9227557411273484,8,2,0.26238110856018365,0.06559527714004591
6,2023-12-01T00:00:00Z,3000,2563,85.43333333333332,94,21.51029748283753,21,4.805491990846682,9,3,0.3,0.1
6,2024-01-01T00:00:00Z,2786,2325,83.4529791816224,101,21.908893709327547,33,7.158351409978309,10,1,0.3589375448671931,0.03589375448671931
6,2024-02-01T00:00:00Z,2633,2175,82.60539308773262,137,29.912663755458514,26,5.676855895196507,8,2,0.3038359285985568,0.0759589821496392
6,2024-03-01T00:00:00Z,2741,2252,82.15979569500182,156,31.901840490797547,40,8.1799591002045,13,2,0.47427946005107624,0.07296607077708865
6,2024-04-01T00:00:00Z,2817,2348,83.35108271210507,160,34.11513859275053,43,9.168443496801707,3,4,0.10649627263045794,0.1419950301739439
6,2024-05-01T00:00:00Z,3103,2538,81.79181437318724,167,29.557522123893804,61,10.79646017699115,6,6,0.19336126329358685,0.19336126329358685
6,2024-06-01T00:00:00Z,2942,2418,82.18898708361658,154,29.389312977099237,47,8.969465648854962,8,3,0.27192386131883073,0.10197144799456152
6,2024-07-01T00:00:00Z,2947,2390,81.09942314217848,158,28.366247755834827,43,7.719928186714542,10,NA,0.33932813030200204,NA
6,2024-08-01T00:00:00Z,2865,2327,81.2216404886562,162,30.111524163568777,39,7.24907063197026,5,1,0.17452006980802792,0.034904013961605584
6,2024-09-01T00:00:00Z,2985,2387,79.96649916247907,173,28.929765886287623,65,10.869565217391305,5,6,0.16750418760469013,0.20100502512562815
6,2024-10-01T00:00:00Z,2987,2423,81.11817877469032,159,28.191489361702125,31,5.49645390070922,15,3,0.5021760964178106,0.1004352192835621
6,2024-11-01T00:00:00Z,2747,2270,82.63560247542773,147,30.81761006289308,34,7.127882599580712,8,3,0.2912267928649436,0.10921004732435385
6,2024-12-01T00:00:00Z,2720,2249,82.68382352941175,141,29.936305732484076,40,8.492569002123142,7,2,0.25735294117647056,0.07352941176470588
6,2025-01-01T00:00:00Z,2549,2082,81.67908983915261,142,30.406852248394006,38,8.137044967880087,5,2,0.1961553550411926,0.07846214201647705
6,2025-02-01T00:00:00Z,2270,1852,81.58590308370044,125,29.904306220095695,18,4.30622009569378,5,4,0.22026431718061676,0.1762114537444934
6,2025-03-01T00:00:00Z,2624,2150,81.9359756097561,136,28.691983122362867,34,7.172995780590717,6,3,0.22865853658536583,0.11432926829268292
6,2025-04-01T00:00:00Z,2811,2284,81.25222340803985,171,32.44781783681214,53,10.056925996204933,10,5,0.35574528637495556,0.17787264318747778
6,2025-05-01T00:00:00Z,2984,2415,80.93163538873995,183,32.161687170474515,43,7.5571177504393665,18,5,0.6032171581769437,0.1675603217158177
6,2025-06-01T00:00:00Z,2819,2297,81.48279531748847,167,31.992337164750957,43,8.237547892720306,37,5,1.312522170982618,0.17736786094359702
6,2025-07-01T00:00:00Z,2854,2374,83.18149964961458,163,33.958333333333336,41,8.541666666666666,34,4,1.1913104414856344,0.1401541695865452
6,2025-08-01T00:00:00Z,2689,2223,82.67013759761993,157,33.69098712446352,41,8.798283261802576,23,1,0.8553365563406471,0.03718854592785422
6,2025-09-01T00:00:00Z,2754,2271,82.46187363834423,148,30.641821946169774,40,8.281573498964804,17,5,0.6172839506172839,0.18155410312273057
6,2025-10-01T00:00:00Z,2884,2360,81.83079056865465,192,36.6412213740458,43,8.206106870229007,18,3,0.624133148404993,0.10402219140083217
6,2025-11-01T00:00:00Z,2684,2239,83.42026825633383,140,31.46067415730337,30,6.741573033707865,5,2,0.18628912071535023,0.07451564828614009
6,2025-12-01T00:00:00Z,2560,2160,84.375,141,35.25,42,10.5,10,NA,0.390625,NA
6,2026-01-01T00:00:00Z,2580,2161,83.75968992248062,144,34.36754176610978,42,10.023866348448687,5,2,0.1937984496124031,0.07751937984496124
6,2026-02-01T00:00:00Z,1340,1188,88.65671641791046,65,42.76315789473684,15,9.868421052631579,4,NA,0.2985074626865672,NA
NA,2017-04-01T00:00:00Z,8,5,62.5,1,33.33333333333333,0,0,NA,NA,NA,NA
NA,2017-05-01T00:00:00Z,6,5,83.33333333333334,1,100,0,0,NA,NA,NA,NA
NA,2017-06-01T00:00:00Z,5,3,60,0,0,0,0,NA,NA,NA,NA
NA,2017-07-01T00:00:00Z,6,6,100,0,NA,0,NA,NA,NA,NA,NA
NA,2017-08-01T00:00:00Z,8,5,62.5,1,33.33333333333333,0,0,NA,NA,NA,NA
NA,2017-09-01T00:00:00Z,6,4,66.66666666666666,0,0,0,0,NA,NA,NA,NA
NA,2017-10-01T00:00:00Z,5,4,80,0,0,0,0,NA,NA,NA,NA
NA,2017-11-01T00:00:00Z,5,3,60,0,0,0,0,NA,NA,NA,NA
NA,2017-12-01T00:00:00Z,1,0,0,1,100,1,100,NA,NA,NA,NA
NA,2018-01-01T00:00:00Z,2,2,100,0,NA,0,NA,NA,NA,NA,NA
NA,2018-02-01T00:00:00Z,1,0,0,1,100,0,0,NA,NA,NA,NA
NA,2018-03-01T00:00:00Z,2,2,100,0,NA,0,NA,NA,NA,NA,NA
NA,2018-06-01T00:00:00Z,2,2,100,0,NA,0,NA,NA,NA,NA,NA
NA,2018-07-01T00:00:00Z,6,6,100,0,NA,0,NA,NA,NA,NA,NA
NA,2018-08-01T00:00:00Z,1,1,100,0,NA,0,NA,NA,NA,NA,NA
NA,2018-09-01T00:00:00Z,1,1,100,0,NA,0,NA,NA,NA,NA,NA
NA,2018-11-01T00:00:00Z,4,4,100,0,NA,0,NA,NA,NA,NA,NA
NA,2018-12-01T00:00:00Z,1,0,0,1,100,0,0,NA,NA,NA,NA
NA,2019-01-01T00:00:00Z,4,4,100,0,NA,0,NA,NA,NA,NA,NA
NA,2019-02-01T00:00:00Z,2,2,100,0,NA,0,NA,NA,NA,NA,NA
NA,2019-04-01T00:00:00Z,2,2,100,0,NA,0,NA,NA,NA,NA,NA
NA,2019-05-01T00:00:00Z,1,1,100,0,NA,0,NA,NA,NA,NA,NA
NA,2019-06-01T00:00:00Z,2,2,100,0,NA,0,NA,NA,NA,NA,NA
NA,2019-08-01T00:00:00Z,1,0,0,0,0,0,0,NA,NA,NA,NA
NA,2019-10-01T00:00:00Z,1,1,100,0,NA,0,NA,NA,NA,NA,NA
NA,2019-11-01T00:00:00Z,5,5,100,0,NA,0,NA,NA,NA,NA,NA
NA,2019-12-01T00:00:00Z,3,1,33.33333333333333,2,100,0,0,NA,NA,NA,NA
NA,2020-02-01T00:00:00Z,2,1,50,1,100,0,0,NA,NA,NA,NA
NA,2020-03-01T00:00:00Z,2,0,0,0,0,0,0,NA,NA,NA,NA
NA,2020-04-01T00:00:00Z,28,6,21.428571428571427,2,9.090909090909092,1,4.545454545454546,NA,NA,NA,NA
NA,2020-05-01T00:00:00Z,9,2,22.22222222222222,0,0,0,0,NA,NA,NA,NA
NA,2020-06-01T00:00:00Z,9,4,44.44444444444444,0,0,0,0,NA,NA,NA,NA
NA,2020-09-01T00:00:00Z,1,0,0,1,100,0,0,NA,NA,NA,NA
NA,2020-10-01T00:00:00Z,5,4,80,0,0,0,0,NA,NA,NA,NA
NA,2020-11-01T00:00:00Z,7,1,14.285714285714285,1,16.666666666666664,0,0,NA,NA,NA,NA
NA,2020-12-01T00:00:00Z,1,1,100,0,NA,0,NA,NA,NA,NA,NA
NA,2021-03-01T00:00:00Z,2,2,100,0,NA,0,NA,NA,NA,NA,NA
NA,2021-05-01T00:00:00Z,3,3,100,0,NA,0,NA,NA,NA,NA,NA
NA,2021-06-01T00:00:00Z,1,1,100,0,NA,0,NA,NA,NA,NA,NA
NA,2021-09-01T00:00:00Z,1,1,100,0,NA,0,NA,NA,NA,NA,NA
NA,2022-01-01T00:00:00Z,3,3,100,0,NA,0,NA,NA,NA,NA,NA
NA,2022-02-01T00:00:00Z,1,1,100,0,NA,0,NA,NA,NA,NA,NA
NA,2022-04-01T00:00:00Z,1,1,100,0,NA,0,NA,NA,NA,NA,NA
NA,2022-06-01T00:00:00Z,2,1,50,0,0,0,0,NA,NA,NA,NA
NA,2022-09-01T00:00:00Z,1,0,0,0,0,0,0,NA,NA,NA,NA
NA,2022-10-01T00:00:00Z,1,1,100,0,NA,0,NA,NA,NA,NA,NA
NA,2022-11-01T00:00:00Z,3,3,100,0,NA,0,NA,NA,NA,NA,NA
NA,2022-12-01T00:00:00Z,1,1,100,0,NA,0,NA,NA,NA,NA,NA
NA,2023-01-01T00:00:00Z,1,1,100,0,NA,0,NA,NA,NA,NA,NA
NA,2023-02-01T00:00:00Z,1,1,100,0,NA,0,NA,NA,NA,NA,NA
NA,2023-03-01T00:00:00Z,1,1,100,0,NA,0,NA,NA,NA,NA,NA
NA,2023-04-01T00:00:00Z,1,1,100,0,NA,0,NA,NA,NA,NA,NA
NA,2023-05-01T00:00:00Z,1,1,100,0,NA,0,NA,NA,NA,NA,NA
NA,2023-07-01T00:00:00Z,2,2,100,0,NA,0,NA,NA,NA,NA,NA
NA,2023-08-01T00:00:00Z,2,2,100,0,NA,0,NA,NA,NA,NA,NA
NA,2023-10-01T00:00:00Z,1,1,100,0,NA,0,NA,NA,NA,NA,NA
NA,2023-11-01T00:00:00Z,1,0,0,1,100,0,0,NA,NA,NA,NA
NA,2024-02-01T00:00:00Z,1,1,100,0,NA,0,NA,NA,NA,NA,NA
NA,2024-04-01T00:00:00Z,1,1,100,0,NA,0,NA,NA,NA,NA,NA
NA,2024-08-01T00:00:00Z,1,1,100,0,NA,0,NA,NA,NA,NA,NA
NA,2024-09-01T00:00:00Z,2,2,100,0,NA,0,NA,NA,NA,NA,NA
NA,2024-10-01T00:00:00Z,1,1,100,0,NA,0,NA,NA,NA,NA,NA
NA,2024-11-01T00:00:00Z,1,1,100,0,NA,0,NA,NA,NA,NA,NA
NA,2024-12-01T00:00:00Z,1,1,100,0,NA,0,NA,NA,NA,NA,NA
NA,2025-02-01T00:00:00Z,2,2,100,0,NA,0,NA,NA,NA,NA,NA
NA,2025-03-01T00:00:00Z,1,1,100,0,NA,0,NA,NA,NA,NA,NA
NA,2025-05-01T00:00:00Z,2,2,100,0,NA,0,NA,NA,NA,NA,NA
NA,2025-06-01T00:00:00Z,1,1,100,0,NA,0,NA,NA,NA,NA,NA
NA,2025-08-01T00:00:00Z,2,2,100,0,NA,0,NA,NA,NA,NA,NA
NA,2025-09-01T00:00:00Z,1,1,100,0,NA,0,NA,NA,NA,NA,NA
NA,2025-12-01T00:00:00Z,1,1,100,0,NA,0,NA,NA,NA,NA,NA
NA,2026-01-01T00:00:00Z,1,1,100,0,NA,0,NA,NA,NA,NA,NA
NA,2026-02-01T00:00:00Z,2,2,100,0,NA,0,NA,NA,NA,NA,NA
